# 26/05/2025 10:34:21 AM: Prices - EPEX Spot Market Auction - austria - Currency: EUR,__parsed_extra
Delivery day,"Hour 1,Hour 2,Hour 3A,Hour 3B,Hour 4,Hour 5,Hour 6,Hour 7,Hour 8,Hour 9,Hour 10,Hour 11,Hour 12,Hour 13,Hour 14,Hour 15,Hour 16,Hour 17,Hour 18,Hour 19,Hour 20,Hour 21,Hour 22,Hour 23,Hour 24,Minimum,Maximum,Middle-Night,Early Morning,Late Morning,Early Afternoon,Rush Hour,Off-Peak 2,Baseload,Peakload,Night,Off-Peak 1,Business,Offpeak,Morning,High Noon,Afternoon,Evening,Sunpeak"
27/05/2025,"99.7,86.53,76.75,,74.04,77.86,82.34,90.95,85.91,69.93,52.12,4.53,3.48,0.2,2.22,5.96,16.84,60.07,90.94,112.51,133.55,150.49,129.22,109.36,90.69,0.2,150.49,84.26,84.27,32.52,6.31,99.27,119.94,71.09,46.03,82.87,84.26,19.41,96.15,74.73,2.61,43.45,120.97,5.54"
26/05/2025,"88.8,81.04,76.74,,75.86,80.01,88.13,116.93,145.22,129.91,91.79,72.79,32.56,24.65,18.65,10.22,10.39,26.35,61.05,110.48,138.42,199.58,168.36,116.92,105.09,10.22,199.58,80.61,107.57,81.76,15.98,84.08,147.49,86.25,60.61,81.76,94.09,48.87,111.89,120.96,37.16,27,139.81,28.21"
25/05/2025,"75.02,62.03,26.24,,8.39,3.92,4.98,1.25,1.3,0.04,0.07,-0.86,-2.26,-2.76,-5.82,-8.09,-6.81,-2.19,4.25,50.35,93.54,112.17,113.57,104.95,96.29,-8.09,113.57,42.92,2.86,-0.75,-5.87,36.49,106.75,30.4,9.96,30.1,22.89,-3.31,50.84,0.67,-2.93,-3.21,95.15,-4.43"
24/05/2025,"107.3,97.78,93,,87.85,85.81,83.13,83.46,78.03,62.51,12.26,-0.01,0,0.08,0.08,0.27,-0.96,1.72,54.16,90.01,118.77,138.44,124.99,104.12,92.94,-0.96,138.44,96.48,82.61,18.69,-0.13,66.17,115.12,63.16,28.24,92.48,89.55,9.28,98.07,59.07,0.04,13.8,111.55,-0.09"
23/05/2025,"106.95,100.81,93.88,,93.62,97.9,110.54,134.9,135.31,114.98,84.43,72.04,61.31,13.44,17.83,20,64.98,83.96,86.74,112.67,138.9,154.93,149.76,129.92,112.48,13.44,154.93,98.82,119.66,83.19,29.06,105.57,136.77,95.51,72.61,100.62,109.24,56.13,118.42,117.41,41.16,63.92,133.11,41.6"
22/05/2025,"105.94,95.07,90.86,,92.04,91.67,98.51,116.42,124.91,104.95,99.55,92.89,88.25,90,81.26,84.62,95.73,98.96,100.02,100.68,123.28,139.27,136.9,122.35,109.64,81.26,139.27,95.98,107.88,96.41,87.9,105.74,127.04,103.49,96.68,95.68,101.93,92.16,110.3,111.46,88.1,94.83,122.02,88.79"
21/05/2025,"107.93,102.33,97.9,,94.9,93.7,102.49,112.48,116.54,107.82,84.82,42.22,0.15,-0.1,-2.2,-1.53,-0.01,2.06,49.08,86.32,100.1,114.35,110.27,100.72,90,-2.2,116.54,100.77,106.3,58.75,-0.96,59.39,103.84,71.35,39.06,99.88,103.53,28.9,103.63,105.42,10.02,12.4,100.29,6.42"
20/05/2025,"116.99,109.96,106.16,,106.36,109.14,118.96,145.56,135.27,98.14,85.56,64.38,16.01,5.49,9.93,10.55,28.29,70.05,102.56,112.33,130.18,150.61,134.56,114.73,111.95,5.49,150.61,109.87,127.23,66.02,13.57,103.78,127.96,91.41,61.12,111.26,118.55,39.79,121.69,116.13,23.95,52.86,125.73,22.44"
19/05/2025,"113.12,106.93,99.91,,96.72,99.48,109.39,128.92,131.38,109.11,96.81,72.01,29.06,12.77,5,8,29.27,71.3,98.16,114.49,143.75,215.41,149.98,129.65,115.07,5,215.41,104.17,117.29,76.75,13.76,106.93,152.53,95.24,65.81,104.26,110.73,45.25,124.66,116.56,29.71,51.68,144.73,26.02"
18/05/2025,"107.91,102.84,99.97,,98.78,99.67,99.43,92.42,88.23,63.04,8.36,0,-0.2,-2,-7.37,-15,-8.97,-0.2,28.69,91.1,110.04,119.94,133.08,120.65,105.95,-15,133.08,102.38,94.94,17.8,-8.34,57.41,119.91,64.02,22.29,101.43,98.66,4.73,105.74,63.01,-2.39,1.13,113.46,-5.59"
17/05/2025,"94.63,94.62,89.58,,90.05,91.44,96.54,93.04,90.62,60.97,0.78,-0.08,-5.95,-4.62,-10.45,-11.75,-5.87,-7.9,-9.9,66.28,99.96,108.96,119.99,110.06,106.96,-11.75,119.99,92.22,92.91,13.93,-8.17,37.11,111.49,56.58,14.29,92.81,92.57,2.88,98.87,61.35,-5.28,-8.86,102.04,-6.45"
16/05/2025,"93.01,90.6,88.13,,87.07,90.94,97.05,109.11,114.56,103.31,77.59,36.47,7.5,0,-8.01,-3.43,22.07,16.5,77.38,104.95,124.22,137.91,132.05,116.92,101.77,-8.01,137.91,89.7,102.92,56.22,2.66,80.76,122.16,75.74,46.55,91.13,96.31,29.44,104.93,101.14,8.99,28.13,119.64,9.1"
15/05/2025,"95.39,86.96,88.03,,87.26,89.87,98.94,115.1,119.23,99.07,69.34,11.89,7.19,7.52,11.69,13.1,40.75,70,70.03,85.2,105.92,115.47,122.01,107.92,98.96,7.19,122.01,89.41,105.79,46.87,18.27,82.79,111.09,75.7,49.31,91.08,97.6,32.57,102.1,100.69,9.57,48.47,105.91,15.36"
14/05/2025,"103.91,99.16,97.07,,97.01,100.33,106.28,128.09,121.49,99.71,73.01,0.15,-1.67,-24.64,-39.02,-41.46,-12.79,5.41,69.9,102.59,114.86,107.96,119.93,107.76,98.99,-41.46,128.09,99.29,114.05,42.8,-29.48,73.19,108.66,68.08,28.84,100.63,106.67,6.66,107.33,105.58,-16.3,5.27,108.68,-19.91"
13/05/2025,"88.05,88.73,90.21,,96.69,100,104,136.18,128.33,100.42,82.31,16.35,7.9,-2.74,-9.96,-12.65,-6.34,-6.51,71.29,106.76,134.1,177.09,144.05,108.35,100.95,-12.65,177.09,90.92,117.13,51.75,-7.92,76.41,132.61,76.82,40.08,94.61,104.02,21.91,113.55,111.81,2.89,11.45,128.55,-1.24"
12/05/2025,"89.52,84.6,84.15,,84.78,88.21,98.92,132.58,140.98,103.9,69.74,5.88,-1.99,-5.26,-11.11,-20.94,6.21,62.93,72.58,100.98,124.06,117.16,103.92,99.95,90.49,-20.94,140.98,85.76,115.17,44.38,-7.78,90.14,102.88,71.76,42.25,88.36,100.47,18.3,101.27,111.8,-3.12,30.2,106.09,-4.54"
11/05/2025,"99.82,98.99,97.43,,98.99,99.01,98.93,91.54,68.06,4.96,-0.1,-12.64,-59.11,-221.52,-252.6,-252.58,-117.74,-22.57,-0.01,75.14,98.98,104,117.19,103.96,90.69,-252.6,117.19,98.81,89.39,-16.72,-211.11,37.89,103.96,17.03,-63.32,98.86,94.1,-113.92,97.38,41.12,-136.47,-98.23,98.33,-152.7"
10/05/2025,"98,106.27,102.05,,96.34,100.24,100.17,97.31,91.77,70.06,9.32,-0.09,-23.98,-57.82,-113.47,-114.97,-50.15,-6.87,50.07,97.42,126.7,129.92,117.93,110.9,95.99,-114.97,129.92,100.67,97.37,13.83,-84.1,66.83,113.69,51.38,-1.15,100.51,99.02,-35.14,103.91,67.12,-48.84,-30.48,113.14,-60.08"
09/05/2025,"100.76,100.5,97.53,,98.84,99.4,107.42,125.06,128.77,92.23,85.32,54.76,4.24,2.1,0.12,0.01,8.64,67.27,86.77,82.07,105.65,130,116.88,100.37,97.98,0.01,130,99.41,115.16,59.14,2.72,85.44,111.31,78.86,49.1,100.74,107.29,30.93,108.63,107.85,15.31,40.67,105.49,11.65"
08/05/2025,"99.93,95.56,95.44,,97.84,95.58,108.91,123.73,135.2,119.92,105.93,92.94,80.75,68.06,67.42,74.23,84.02,90.78,93.35,116.66,137.97,151,123.99,117.99,110.1,67.42,151,97.19,115.86,99.89,73.43,109.69,125.77,103.64,94.34,98.88,106.52,86.66,112.94,121.2,77.29,85.6,126.29,77.9"
07/05/2025,"97.1,91.41,89.36,,91.5,92.3,100.01,124.95,140.04,119.97,85.07,74.19,70.3,62.48,60.66,66.09,73.81,81.29,102.73,114.1,134.92,133.4,120.49,111.45,100.01,60.66,140.04,92.34,114.33,87.38,65.76,108.26,116.34,97.4,87.13,93.61,103.33,76.57,107.67,117.51,66.91,80.98,119.06,67.92"
06/05/2025,"84.08,77.76,74.26,,73.19,82.31,93.71,110.62,116.49,107.95,84.81,77.4,66.1,66.03,65,64.9,66.02,72.37,93.2,110.54,128.06,150.28,127.09,108.74,99.93,64.9,150.28,77.32,100.78,84.07,65.49,101.04,121.51,91.7,83.53,80.89,89.05,74.78,99.87,104.97,68.63,74.12,120.77,67.58"
05/05/2025,"68.29,72.05,64.07,,66.06,68.73,88.77,104.91,126.83,111.25,97.17,91.51,72.61,65,62.06,62.09,69.8,90.59,97.09,107.93,138.94,114.97,117.46,103,98.99,62.06,138.94,67.62,97.31,93.14,64.74,108.64,108.61,90.01,88.84,71.33,82.46,78.94,91.18,110.04,72.8,79.89,113.55,70.51"
04/05/2025,"61.81,46.07,32.28,,20.6,20.34,15.58,13.62,7.83,2.93,0,-0.01,-0.01,-0.02,-2,-5.01,-1.59,-0.01,10.63,84.31,99.6,108.74,104.97,99.41,90.24,-5.01,108.74,40.19,14.34,0.73,-2.16,48.63,100.84,33.76,15.74,32.78,27.27,-0.71,51.79,6.1,-0.51,1.01,97.88,-1.44"
03/05/2025,"99.95,95.68,94.06,,91.71,88.92,88.91,87.92,82.81,61.43,13.53,0.01,-0.01,-1.16,-3.04,-2.69,-0.03,0,29.65,70.5,78.37,88.97,86.97,80.53,65.91,-3.04,99.95,95.35,87.14,18.74,-1.73,44.63,80.6,54.12,20.55,93.21,91.25,8.51,87.7,61.42,-1.05,6.73,78.54,-1.15"
02/05/2025,"88.5,72.28,62.09,,61.94,66.31,77.22,87.97,78.78,58.02,10.18,0.85,-0.01,-0.8,-3,-4,-0.08,0.3,70.32,102.95,123.35,148.37,123.38,108.94,98.72,-4,148.37,71.2,77.57,17.26,-1.97,74.23,119.85,59.69,29.84,71.39,74.39,7.65,89.54,58.74,-0.74,16.64,117.62,-1.17"
01/05/2025,"99.97,94.21,92.4,,92.91,92.98,86.01,81.48,71.5,54.54,0,-3,-40.1,-77.37,-125.77,-118.05,-49.99,-5.17,36.75,97.68,129.32,163.14,119.99,99.9,86.35,-125.77,163.14,94.87,82.99,2.86,-92.8,64.65,117.35,44.99,-8.43,93.08,88.93,-44.97,98.4,51.88,-61.56,-34.12,116.06,-69.05"
30/04/2025,"95,90.09,89.47,,90,93.66,97.4,115,120.3,93.96,73.6,7.08,0,-1,-6.21,-3,-0.02,19.91,80.26,103.3,132.05,175.29,127.83,108.74,99.74,-6.21,175.29,91.14,106.59,43.66,-2.56,83.88,127.9,75.1,41.66,92.6,98.87,20.55,108.54,100.72,-0.03,24.29,124.49,-0.53"
29/04/2025,"92.48,88.38,83.66,,81.42,82.27,90.97,107,112.98,90.45,64.23,5.05,0,-0.76,-1.9,-1.68,-0.01,14.82,77.6,102,139.83,174.75,129.11,109.95,98.9,-1.9,174.75,86.49,98.31,39.93,-1.09,83.56,128.18,72.56,40.8,86.53,92.4,19.42,104.32,93.67,0.6,22.68,125.76,0.12"
28/04/2025,"93.67,88.1,83.67,,86.81,92.29,99.98,139.59,131.09,94.98,67.37,9.65,-0.01,-3.34,-5.9,-6.18,-1.54,2.01,72.36,102.31,149.9,187.08,128.83,106.06,96.92,-6.18,187.08,88.06,115.74,43,-4.24,81.65,129.72,75.65,40.13,90.75,101.9,19.38,111.17,108.26,0.1,16.66,128.52,-1.22"
27/04/2025,"70.08,61.35,58.05,,58.6,65.1,66.73,66.21,62.2,35.05,0.04,-3,-31.92,-85.96,-112.53,-107.38,-50.15,-5.17,18.35,93.97,110.33,123.6,108.65,99,94,-112.53,123.6,62.02,65.06,0.04,-89.01,54.37,106.31,33.13,-11.53,63.32,63.54,-44.48,77.8,40.88,-58.35,-36.09,104.93,-65.16"
26/04/2025,"97.68,94.55,93.92,,92.23,91.54,93.04,95.01,86.92,69.09,34.45,2.55,-0.01,-4.73,-12.51,-10.5,-2.08,-0.01,30.99,79.63,99.94,96.93,95.06,86.41,74.05,-12.51,99.94,94.6,91.63,26.52,-7.46,52.64,88.11,57.67,23.9,93.83,93.11,9.53,91.45,71.37,-3.68,4.6,88.67,-4.55"
25/04/2025,"91.34,83.05,82.23,,83.6,85.13,95.38,105.56,113.39,104.23,83.1,83.01,73.49,68.28,50.47,43.81,65.31,80.15,85.9,100.85,116.76,123.07,109.63,100.37,92.09,43.81,123.07,85.06,99.87,85.96,56.97,95.92,106.29,88.34,79.61,86.79,92.46,71.46,97.07,101.57,68.81,68.79,107.13,64.06"
24/04/2025,"95.84,90.13,88.44,,87.2,87.2,94.05,111.52,119.78,117.67,99.53,90.37,82.2,78.89,73.04,76.94,80.95,86.46,96.41,102.31,114.64,102.35,114.48,106.53,93.1,73.04,119.78,90.4,103.14,97.44,77.46,99.96,104.12,95.42,91.62,90.48,96.77,87.45,99.22,112.13,81.13,85.19,105.57,80.4"
23/04/2025,"107.93,100.28,96.84,,97.1,102.39,108.69,137.09,144.23,121.2,100.12,83.1,82.15,78.01,79.66,83.37,96.11,101.47,110.77,132.42,150,152.3,127.42,108.56,99.71,78.01,152.3,100.54,123.1,96.64,84.29,123.67,122,108.37,101.53,102.21,111.82,90.47,115.21,125.66,80.73,97.93,128.4,83.73"
22/04/2025,"97.09,89.63,88.38,,85.85,85.49,100,124.09,151.54,141.84,105.2,92.33,79.96,75.31,66.24,71.47,78.53,83.07,101.07,122.38,192.32,243.76,153.23,123.29,109.6,66.24,243.76,90.24,115.28,104.83,72.89,124.71,157.47,110.9,100.81,91.07,102.76,88.86,121,130.67,78.46,83.54,157.43,77.31"
21/04/2025,"106.94,99.75,94.76,,94.4,98.28,97.56,93.87,88.89,67.05,24.18,-18.58,-10.35,-37.98,-45.75,-8.04,8.85,44.11,78.05,99.94,120.93,138.67,132.1,122.77,106.48,-45.75,138.67,98.96,94.65,15.58,-20.73,85.76,125.01,66.54,26.87,98.62,96.81,-2.58,106.21,68.5,-28.17,30.74,120.15,-18.64"
20/04/2025,"102.61,98.68,95.59,,98.98,98.04,96,96.71,78.07,59.9,-3.72,-1.15,-52.27,-135.54,-132.83,-88.88,-9.93,0,64.08,106.99,112.84,138.58,129.56,121.4,111.24,-135.54,138.58,98.97,92.21,0.69,-91.8,70.98,125.2,49.37,-6.71,98.32,95.59,-45.55,105.46,57.74,-80.45,-8.68,120.1,-70.1"
19/04/2025,"94.47,84.25,88.84,,87.03,89.46,95.95,100.62,96.96,78.07,48.13,11.76,4.54,0,-2.47,-5.97,-0.72,0.2,66.48,105.75,132.75,136.64,131.46,109.96,100.91,-5.97,136.64,88.65,95.75,35.63,-2.29,76.3,119.74,68.96,36.54,90,92.2,16.67,101.38,80.95,3.46,15,119.58,1.19"
18/04/2025,"89.74,81.27,78,,77.81,79.38,78.8,80.9,85.08,85.7,86.51,88.94,88.95,80.56,69.98,66.09,68.28,78.07,93.55,109.24,127.36,136.76,119.71,107.94,100.45,66.09,136.76,81.71,81.04,87.53,71.23,102.06,116.22,89.96,86.94,80.83,81.37,79.38,92.99,84.55,82.11,76.5,116.91,77.13"
17/04/2025,"91.81,86.59,85.19,,84.47,86.25,92.4,110.38,123.44,115.91,69.1,29.18,2.36,-10.03,-0.31,0.01,70.06,89.9,101.98,115.9,131.47,125.56,113.82,98.9,96.92,-10.03,131.47,87.02,103.12,54.14,14.93,109.81,108.8,79.64,59.63,87.79,95.07,34.54,99.64,104.71,5.3,65.49,113.76,15.21"
16/04/2025,"89.91,85.04,85.19,,84.93,87.3,105.48,125.86,135.14,109.94,71.02,42.5,5.59,-1,-0.8,-2.57,0,61.59,95.97,118,151.75,153.28,122.4,110,98.59,-2.57,153.28,86.27,113.45,57.26,-1.09,106.83,121.07,80.63,54.33,89.64,99.86,28.09,106.93,110.49,11.57,38.75,125.67,7.29"
15/04/2025,"80.95,78.72,73.68,,71.34,73.63,83.84,99.98,111.77,110.93,106.66,100.98,99,100.92,95.53,85.23,95.24,96.28,96.3,111.78,141.82,150.09,116.15,106.69,99.99,71.34,150.09,76.17,92.31,104.39,94.23,111.55,118.23,99.48,103.39,77.03,84.24,99.31,95.57,107.34,99.11,93.26,121.09,96.15"
14/04/2025,"91.61,87.04,86.27,,86.63,89.51,104.16,123.6,152.03,143.7,110.25,100.06,87.47,82.42,78.18,71.56,81.2,97.01,102.95,125.62,165.43,150.03,107.33,88.77,81.52,71.56,165.43,87.89,117.33,110.37,78.34,122.75,106.91,103.93,103.82,90.87,102.61,94.36,104.04,132.4,87.03,88.18,119.78,83.48"
13/04/2025,"80.31,66.16,63.06,,63.09,63.05,64.11,63.01,27.75,12.87,8.43,0,-0.02,-5.28,-18.84,-25.38,-9.93,-0.01,63.07,104.99,119.39,121.44,98.49,107.13,98.98,-25.38,121.44,68.16,54.48,5.32,-14.86,71.86,106.51,48.58,20.77,66.63,61.32,-4.77,76.38,28.02,-6.04,6.94,108.4,-9.91"
12/04/2025,"112,108.7,104.91,,102.93,104.05,103.88,110.48,104.95,99.13,69.35,20.19,0,-7.6,-24.65,-30.64,-0.06,0.18,89.32,118.63,161.45,147.58,105.99,101.97,82.75,-30.64,161.45,107.14,105.84,47.17,-15.74,92.4,109.57,74.4,41.28,106.08,106.49,15.72,107.52,95.98,-3.02,14.7,119.73,-7.13"
11/04/2025,"81.68,79.16,69.77,,70.13,75.39,85.9,108.95,111.4,94.22,64.94,15.57,0.34,0,-0.13,-2.52,-0.04,20.06,80.05,104.41,117.12,148.13,118.54,116,110.79,-2.52,148.13,75.19,95.41,43.77,-0.67,80.41,123.37,69.58,41.17,77.01,85.3,21.55,97.99,94.88,3.95,24.39,119.17,2.2"
10/04/2025,"100.27,95.03,94.5,,93.83,97.21,104.97,140.19,174.9,137.75,104.29,88.05,70.36,40.28,2.55,0.09,2.34,65.47,80.87,106.8,157.1,160.09,118.05,102.89,85.76,0.09,174.9,95.91,129.32,100.11,11.32,102.56,116.7,92.65,71.33,97.64,112.61,55.71,113.97,139.28,50.31,37.19,121.78,33.95"
09/04/2025,"109.65,102,99.96,,100.3,101.47,116.72,164.01,175.56,131.56,102.62,85.34,65.08,15.69,21.11,54.74,76.73,82.14,109.42,124.26,148.9,150,122.17,113.66,108.11,15.69,175.56,102.98,139.44,96.15,42.07,116.18,123.49,103.38,84.8,105.02,121.21,69.11,121.97,143.44,46.81,80.76,127.85,53.12"
08/04/2025,"95.01,89.94,91.15,,93.11,94.59,111.25,149.09,179.93,136.77,91.33,81.98,79.9,65.5,60.67,73.24,84.14,89.33,99.79,128.27,159.98,172.22,139.52,124.37,109.92,60.67,179.93,92.3,133.72,97.5,70.89,119.34,136.51,108.38,95.91,95.84,113.01,84.19,120.84,139.28,72.01,86.63,139.05,74.24"
07/04/2025,"90.01,88.68,85.02,,87.3,88.98,101.88,132.32,174.53,144.33,109.25,84.73,65,43.92,44.66,60.7,74.52,93.1,110.09,129.14,174.98,156.8,136.34,122.91,107.86,43.92,174.98,87.75,124.43,100.83,55.95,126.83,130.98,104.46,94.54,90.31,106.09,78.39,114.39,140.11,59.58,84.6,138.01,62.26"
06/04/2025,"70.45,62.3,64.46,,70.88,72.45,80.72,79.75,81.29,42.87,0.1,-2,-27.47,-59.89,-115.63,-137.71,-86.52,-24.56,-6.59,108.97,129.17,132,123.79,114.33,102.27,-137.71,132,67.02,78.55,3.38,-99.94,51.75,118.1,36.48,-14.94,70.21,72.79,-48.28,87.89,51,-51.25,-63.85,118.42,-71.54"
05/04/2025,"115.52,108.85,105.63,,106.31,105.76,105.37,111.07,113.46,102.96,57.7,0.66,-0.76,-18.04,-44.65,-46.59,-29.89,-4.17,0.1,65.1,93.7,109.92,90.41,78.99,68.75,-46.59,115.52,109.08,108.92,40.14,-34.79,38.68,87.02,58.17,14.68,107.91,109,2.67,101.67,96.3,-15.7,-20.14,84.48,-23.21"
04/04/2025,"110.39,104.97,106.76,,106.76,108.46,115.1,153.05,180.17,142.34,96.85,65,7.82,0,-0.99,-0.91,0.97,37.18,86.64,126.35,177.87,159.72,127.06,119.3,102.97,-0.99,180.17,107.22,139.2,78,-0.23,107.01,127.26,93.08,61.59,108.74,123.21,38.89,124.56,143.1,17.96,30.97,135.55,11.98"
03/04/2025,"70.98,73.07,70.08,,70.93,74.7,98.59,134.86,164.96,133.3,79.11,41.64,1,0.28,-1.93,0.01,5.85,49.41,85.87,140.67,184.55,174.91,140,115.22,106.39,-1.93,184.55,71.27,118.28,63.76,1.05,115.13,134.13,83.94,59.98,76.39,94.77,32.41,107.89,128.06,10.25,35.29,143.62,7.81"
02/04/2025,"70.34,70.26,70.2,,71.89,72.65,86.52,120.14,154.67,126.19,85.96,70.04,70.04,76.51,86.2,90.15,104.56,100.07,114.93,109.96,144.91,130.06,109.97,89.07,75.64,70.04,154.67,70.67,108.5,88.06,89.36,117.47,101.19,95.87,98.29,73.64,89.58,88.71,93.45,121.74,75.7,102.43,109.94,82.92"
01/04/2025,"102.47,96.58,94.65,,96.03,93.54,103.31,131.34,176.31,159.37,110.04,87.75,77.17,70,70,77.16,81.1,99.44,102.35,132.8,161.81,142.21,115,97.69,81.08,70,176.31,97.43,126.13,108.58,74.57,124.1,109,106.63,102.42,97.76,111.78,91.57,110.85,144.27,76.23,90.01,121.77,77.2"
31/03/2025,"70.3,65.29,66.42,,70.59,73.06,96.88,127.23,166.08,175.67,137.36,112.75,106.5,93.31,85.5,78.45,75.64,82.65,109.34,138.82,164.93,154.09,135.69,115.62,102.52,65.29,175.67,68.15,115.81,133.07,83.23,123.94,126.98,108.53,113.41,73.76,91.98,108.15,103.65,151.59,99.52,86.52,135.28,92.03"
30/03/2025,"46.22,15.88,,,5.09,1.2,0.09,0.72,0.75,1.11,0.06,0,-1.65,-15.98,-23.41,-24.02,-12.34,-4.05,1.36,39.82,92,86,78.95,77.85,55.99,-24.02,92,22.4,0.69,-0.12,-18.94,32.28,74.7,18.33,4.41,13.7,9.99,-9.53,33.52,0.66,-10.26,-9.76,71.77,-12.9"
29/03/2025,"119.14,108.03,100.25,,100,100.22,95.96,99.7,101.63,96.72,80.68,88.04,93.34,88.07,110.04,110.05,111.26,121.43,125.07,151.39,154.14,129.03,103.97,85.09,69.85,69.85,154.14,106.86,99.38,89.7,104.86,138.01,96.99,105.96,110.85,103.93,103.12,97.28,101.07,94.68,94.87,116.95,115.58,100.13"
28/03/2025,"90.74,79.42,79.02,,79.39,80.06,108.98,129.97,122.2,102.08,80.04,89.9,73.72,79.46,88.03,100.69,104.55,108.96,132.01,165.99,165.9,151.03,127.93,121.95,112.46,73.72,165.99,82.14,110.3,86.44,93.18,143.22,128.34,107.27,107.61,86.27,96.22,89.81,106.93,108.57,82.78,111.55,140.88,89.39"
27/03/2025,"105.17,99.05,98.09,,98.87,97.69,105.11,130.6,140.09,123.5,89.92,80.09,45.68,51.94,39.48,78.32,84.1,102.04,130.74,161.17,172.01,142.02,124.94,113.35,101.06,39.48,172.01,100.3,118.37,84.8,63.46,141.49,120.34,104.79,96.58,100.66,109.33,74.13,113,121.03,54.3,98.8,135.76,63.27"
26/03/2025,"101.02,99.05,99.02,,99.09,100.22,112.22,133.56,142.88,137.93,111.86,100,96.95,95.1,84.97,94.75,102.05,117.26,138.88,163.91,170.87,154.18,129.98,121.35,109.57,84.97,170.87,99.55,122.22,111.69,94.22,147.73,128.77,117.36,117.88,101.77,110.88,102.95,116.85,131.56,94.26,113.24,141.64,95.64"
25/03/2025,"102.54,102.02,100.76,,104.48,104.16,109.33,139.21,142.99,138.31,120.25,113.62,111.19,112.2,113.1,115.15,122.98,135.23,146.37,175,171.25,148.6,136,127.5,102.05,100.76,175,102.45,123.92,120.84,115.86,156.96,128.54,124.76,131.22,103.88,113.19,118.35,118.3,135.19,112.53,129.93,143.4,114.71"
24/03/2025,"111.51,107.29,101.91,,98.94,101.99,120.16,141.5,164.28,162.3,135.77,111.51,109.77,105.39,110.07,120.19,127.93,134.62,155.01,211.99,193,161.98,138.95,126.19,115.47,98.94,211.99,104.91,131.98,129.84,115.9,173.66,135.65,131.99,139.8,106.97,118.45,122.87,124.18,150.96,109.19,134.44,157.93,114.14"
23/03/2025,"37.86,36.16,43.85,,42.86,43.71,43.34,44.76,39.26,28.31,22.96,13.78,9.6,13.49,5.01,11.46,43.11,89,129.12,144.08,143.57,141.94,131.26,126.47,114.24,5.01,144.08,40.18,42.77,18.66,18.27,126.44,128.48,62.47,54.46,41.3,41.48,18.47,70.48,33.82,10.47,68.17,133.59,16.08"
22/03/2025,"112.92,104.64,110.07,,110.07,113,115.96,91.73,77.07,77.03,65.81,30.14,19.74,77.04,77.04,78.07,100.06,116.92,118.97,120.01,116.95,103.12,78.06,77.04,62.43,19.74,120.01,109.43,99.44,48.18,83.05,118.21,80.16,89.75,83.15,111.11,104.43,65.62,96.34,77.91,50.99,103.51,92.94,63.68"
21/03/2025,"129.83,119.32,116.66,,111.88,116.94,136.97,168.09,150.43,112.97,75.62,43.28,7.36,1.57,0.38,9.94,72.07,125.76,145.73,178.65,153.79,133.01,133.67,109.77,81.88,0.38,178.65,119.42,143.11,59.81,20.99,150.98,114.58,101.48,77.26,121.93,131.27,40.4,125.7,126.78,13.15,88.38,131.8,22.43"
20/03/2025,"121.43,107.86,103.84,,105.39,110.51,126.57,151.13,143,100.42,79.09,39.06,3.42,0.43,0.65,17.14,81.34,123.87,165.29,262.62,236.42,162.12,144.97,133.51,124.31,0.43,262.62,109.63,132.8,55.5,24.89,197.05,141.23,110.18,92.48,112.6,121.22,40.19,127.89,118.41,10.89,96.91,177.33,23.67"
19/03/2025,"110.67,106.43,104.41,,103.19,108.19,126.73,161.94,147.92,107.88,71.47,35.08,1.52,0.39,1.25,3.84,66.73,115.98,160.17,248.18,216.73,171.68,141.8,126.83,113.93,0.39,248.18,106.18,136.2,53.99,18.05,185.27,138.56,106.37,85.77,109.94,121.19,36.02,126.98,122.3,9.56,86.68,169.86,18.14"
18/03/2025,"92.2,89.99,92.92,,90.34,97.3,113.66,141.9,136.68,106.52,73.7,31.13,2.67,3.41,3.11,7.29,73.55,106.06,147.68,170.91,165.65,143.65,124.91,118.93,104.1,2.67,170.91,91.36,122.39,53.51,21.84,147.58,122.9,93.26,74.31,96.07,106.87,37.67,112.22,114.7,10.08,83.65,138.03,20.19"
17/03/2025,"82.98,83.24,80.96,,80.91,85.85,103.3,135.18,152.87,136.68,106.21,84.16,77.31,84.04,58.44,50.36,71.34,100.01,149.05,170.83,170,141.5,119.67,108.45,93.5,50.36,170.83,82.02,119.3,101.09,66.05,147.47,115.78,105.29,104.87,86.21,100.66,83.57,105.7,132.74,75.99,92.69,133.99,70.94"
16/03/2025,"90.01,85.79,79.62,,78.18,78.6,80.51,85.14,82.07,77.95,68.26,31.25,12.2,7.84,5.16,9.48,31,72.78,119.66,132.97,140,126.33,108.87,102.06,82.14,5.16,140,83.4,81.58,47.42,13.37,116.35,104.85,74.49,59.05,82.12,82.49,30.39,89.94,78.36,14.11,58.23,115.4,16.16"
15/03/2025,"112.15,103.14,96,,89.9,86.9,90.55,97.01,99.42,98.09,85.5,71.91,72.64,63.17,48,54.51,73.01,86.44,129.76,138.99,132.96,121.46,108.5,105.02,95.25,48,138.99,100.3,93.47,82.04,59.67,122.04,107.56,94.18,87.92,96.44,96.88,70.85,100.44,95.01,63.93,85.93,117.03,63.87"
14/03/2025,"109.09,106,105.9,,103.83,105.3,114.14,143.02,155,153.59,131.12,110.51,105.68,104.12,104.18,107.37,110.58,127.01,142.04,152.23,150.74,130.01,111.39,114,105.17,103.83,155,106.21,129.37,125.23,106.56,143.01,115.14,120.92,124.93,107.38,117.79,115.89,116.9,145.68,106.12,121.75,127.26,107.07"
13/03/2025,"108.39,102.03,98.25,,95.79,98.35,106.17,132.99,158.4,156.81,139.23,123.45,110.63,108.07,107.36,106.64,110.07,122.47,141.97,166.05,173.47,149,135.69,121.89,110.79,95.79,173.47,101.12,123.98,132.53,108.04,150.99,129.34,124.33,130.52,101.5,112.55,120.28,118.15,146.86,112.38,120.29,142.82,111.04"
12/03/2025,"102,100.59,98.07,,98.27,103.2,112.5,140,156.08,146.18,125,102.39,99.53,98.06,99.58,101.68,118.89,137.77,151.28,192.47,179.16,147.8,132.2,120,109.91,98.06,192.47,99.73,127.95,118.28,104.55,165.17,127.48,123.86,129.33,102.44,113.84,111.41,118.39,141.82,99.89,127.41,146.92,103.36"
11/03/2025,"105.69,103.21,100.49,,101.59,104.47,112.69,141.94,147.79,144.12,130,102.09,98.05,97.31,99.79,104.16,115.39,138.32,160.28,192.2,177.53,147.98,133.97,122.6,107.56,97.31,192.2,102.75,126.72,118.57,104.16,167.08,128.03,124.55,129.94,104.69,114.73,111.36,119.17,140.96,99.31,129.54,146.97,102.8"
10/03/2025,"98.23,97,98.71,,98.82,98.01,110.28,149.9,158.34,133.96,98.99,92.14,82.54,76.02,77.32,84.84,100.13,131.91,145.57,172.9,159.25,141.13,128.06,107.59,98.55,76.02,172.9,98.19,129.13,101.91,84.58,152.41,118.83,114.17,112.96,100.18,113.66,93.24,115.39,135.3,82.01,115.61,134.58,85.5"
09/03/2025,"103.6,100.61,100.32,,103.55,106.28,109.2,107.54,97.06,67.65,29.27,10.1,1.65,0.5,-0.42,0.7,17.39,96.25,133.96,140.93,139.07,131.49,124.3,114.41,108.73,-0.42,140.93,102.02,105.02,27.17,4.54,127.55,119.73,81.01,53.09,103.93,103.52,15.86,108.92,75.38,2.96,62.08,126.49,4.99"
08/03/2025,"129.07,120.3,124.95,,121.91,124.09,129.93,131.41,122.1,98.04,72.54,18.05,2.23,0.68,0.02,0.07,59.68,109.68,156.16,190.73,160.56,130.07,114.53,109.13,107.99,0.02,190.73,124.06,126.88,47.72,15.11,154.28,115.43,97.25,72.37,125.04,125.47,31.41,122.12,106.02,5.25,81.4,135.5,13.46"
07/03/2025,"101.19,99.85,97.47,,98.6,104.19,122.53,147.56,151.83,124.42,83.27,65.71,31.81,12.79,8.01,38.33,95.46,131.04,155.98,216.64,186.44,156.06,133.98,125.14,119.55,8.01,216.64,99.28,131.53,76.3,38.65,172.53,133.68,108.66,95.83,103.97,115.4,57.48,121.5,126.77,29.58,105.2,156.3,42.02"
06/03/2025,"95.07,96.04,97.1,,99,105.89,118.36,150.13,153.99,108.5,79.65,57.39,5.22,1.38,0.65,13.16,73.46,122.52,161.08,171.1,154.96,133.96,129.69,114.58,108.07,0.65,171.1,96.8,132.09,62.69,22.16,152.42,121.58,97.96,79.09,101.91,114.45,42.43,116.82,123.07,16.16,92.56,135.39,25.21"
05/03/2025,"113.98,105,103.61,,99.09,103.47,116.16,151.56,150.41,108.08,73.62,21.82,10.3,6.05,0.72,3.89,87.8,116.61,141.58,160.55,152.31,135.98,129.55,120.03,110.39,0.72,160.55,105.42,130.4,53.46,24.62,142.76,123.99,96.77,73.61,106.89,117.91,39.04,119.94,120.92,9.72,87.47,134.8,21.76"
04/03/2025,"127.95,117.53,108.82,,107.78,109.45,135.69,161.3,172.68,141.95,115.55,95.27,115,35.88,28.32,66.58,97,135.59,160.63,202.12,170.59,149.92,134.44,130.32,121.23,28.32,202.12,115.52,144.78,116.94,56.95,167.23,133.98,122.57,113.71,117.87,130.15,86.94,131.43,147.87,68.62,114.95,151.44,73.01"
03/03/2025,"114.22,108.26,106.75,,102.84,106.42,119.12,140.09,163,147.73,108.92,97.02,83.51,86.57,50.54,90.15,111.14,135.99,157.77,195.89,178.34,153.6,143.9,135.85,132.96,50.54,195.89,108.02,132.16,109.3,84.6,167,141.58,123.77,120.3,109.6,120.09,96.95,127.25,139.94,79.41,123.76,156.76,86.49"
02/03/2025,"124.3,109.47,100.25,,94.9,97.08,97.33,101.66,106.84,104.41,89,68.3,49,27.5,20.1,59.24,78.43,100.03,132.53,146.77,148.55,136.4,124.8,121.58,113.57,20.1,148.55,107.23,100.73,77.68,46.32,131.97,124.09,98,85.32,103.89,103.98,62,110.68,100.48,41.23,92.56,131.95,50.43"
01/03/2025,"128.95,120.77,117.29,,113.16,110.47,115.5,128.97,138.04,139.99,139.59,127.7,114.67,103.83,99.96,104.02,122.63,135.01,159.27,161.46,155.07,143,131.66,124.39,119.92,99.96,161.46,120.04,123.25,130.49,107.61,152.7,129.74,127.31,130.27,117.69,121.64,119.05,124.34,136.65,111.54,130.23,139.25,112.14"
28/02/2025,"116.39,110.54,109.38,,107.09,112.7,115.91,139.69,155,160.99,147.55,129.49,117.7,110.3,110,112.6,127.07,140.75,155.1,161.65,163.7,149.42,138.18,130.39,120.91,107.09,163.7,110.85,130.83,138.93,114.99,155.3,134.73,130.94,136.41,112,120.84,126.96,125.47,150.81,116.87,133.88,144.04,117.86"
27/02/2025,"106.1,103.81,103.05,,102.53,101.76,107.17,147.79,155.92,161.74,146.55,133.57,118.15,111.62,114.9,118.4,132.33,155,161.06,170.51,164.17,151.99,138.09,126.35,114.8,101.76,170.51,103.87,128.16,140,119.31,162.69,132.81,131.14,140.67,104.07,116.02,129.66,121.61,153,119.56,141.7,144.32,121.5"
26/02/2025,"125.25,123.41,119.53,,119.22,119.6,122.37,157.96,187,174.91,156.45,146.65,133.3,121.9,123.46,131.31,144.57,163.97,162.29,174.68,170.06,155.99,130.14,128.69,115.34,115.34,187,121.85,146.73,152.83,130.31,167.75,132.54,142,150.3,121.56,134.29,141.57,133.71,169.08,131.33,150.54,145.82,133.53"
25/02/2025,"113.72,109.39,109.03,,109.11,113.37,124.31,159.72,179.94,170.1,156,143.09,129.14,127.8,130.08,139.53,155.06,166.66,205.22,229.98,191.96,159.62,143.51,133.71,122.83,109.03,229.98,110.31,144.34,149.58,138.12,198.46,139.92,146.79,162.05,113.16,127.32,143.85,131.52,166.44,132.53,166.62,163.6,137.45"
24/02/2025,"123.39,105.08,115.36,,110.01,107.2,133,148.5,181.87,162.06,155.59,134.77,114.27,103.73,104.43,112.99,140.05,157.92,171.5,200.1,198.18,157.9,137.2,133.39,117.82,103.73,200.1,113.46,142.64,141.67,115.3,181.93,136.58,138.6,146.3,115.67,128.05,128.49,130.89,162.01,114.3,145.62,157.43,118.37"
23/02/2025,"109.12,105.53,101.37,,100.35,102.06,105.58,122.27,122.16,116.84,103.2,97.34,100.06,100.05,100.06,106.57,132.45,140.03,149.93,163.82,152.34,149.89,142.29,118.1,128.68,97.34,163.82,104.09,113.02,104.36,109.78,151.53,134.74,119.59,121.89,104,108.56,107.07,117.28,116.12,99.38,132.25,142.52,106.09"
22/02/2025,"93.7,94.94,94.92,,94.99,94.98,94.96,127.17,123.18,91.78,70.83,59.15,57.15,53.36,56.35,68.26,98.98,133.42,145.02,142.52,145.22,134.01,123.01,116.44,118.5,53.36,145.22,94.64,110.07,69.73,69.24,141.55,122.99,101.37,93.5,94.75,102.36,69.48,109.23,103.24,56.5,111.42,129.95,65.54"
21/02/2025,"100,105.01,102.07,,104.02,99.86,121.39,164.48,174.57,154.64,129.45,104.07,88.05,80.39,79.76,102.23,105.07,142.14,151.93,151.98,153.77,125,105.08,99.05,95.05,79.76,174.57,102.78,140.08,119.05,91.86,149.96,106.05,118.29,120.29,105.39,121.43,105.46,116.3,155.79,88.07,125.34,121.66,93.26"
20/02/2025,"111.1,111.09,110.53,,107.93,115.07,142.01,165.9,184.18,158.4,120.89,111.04,91.33,93.05,99.9,115.09,142.91,159.43,201.24,198.75,189.9,159.49,148.22,123.43,111.73,91.33,201.24,110.16,151.79,120.42,112.74,187.33,135.72,136.36,140.16,116.29,130.98,116.58,132.56,157.34,98.83,154.67,155.25,108.89"
19/02/2025,"116,115.08,115.02,,114.07,118.87,130.84,159.97,185.42,171.14,152.41,115.09,115.06,111.75,113.1,115.07,145.96,151.45,178.31,177.88,169.3,157.71,150.26,146.45,124.04,111.75,185.42,115.04,148.78,138.43,121.47,169.24,144.62,139.59,143.04,118.31,131.91,129.95,136.14,167.24,113.75,147.7,154.27,119.34"
18/02/2025,"134.56,128.69,125.21,,119.81,120.71,134.27,194.47,279.87,193.8,160,135.36,123.55,116.19,124.83,139.32,150.97,149.95,243.1,209.96,219.91,172.19,158.67,146.93,123.44,116.19,279.87,127.07,182.33,153.18,132.83,205.73,150.31,158.57,163.91,127.21,154.7,143,153.24,207.04,124.98,170.84,171.85,131.7"
17/02/2025,"129.82,121.06,120.34,,126.62,130.4,136.93,175.25,208.4,209.79,171.3,139.67,117.12,112.08,106.72,126.45,149.9,175.01,225.09,271,216.13,178.69,159.84,150.02,134.93,106.72,271,124.46,162.75,159.47,123.79,221.81,155.87,158.02,168.36,127.53,143.6,141.63,147.69,191.19,118.9,169.11,185.1,125.32"
16/02/2025,"134.11,128.9,123.57,,119.9,119.57,120.46,121.47,130.07,134.69,134.72,134.91,136,131.17,134.4,136.08,136.1,150.08,171.45,173.98,169.93,160.14,152.65,142.32,131.51,119.57,173.98,126.62,122.89,135.08,134.44,166.36,146.66,138.67,145.29,124.42,124.76,134.76,132.06,130.24,134.12,148.43,155.09,134.78"
15/02/2025,"136.01,131.04,120.5,,119.14,119.49,121.37,135.19,149.8,150.08,137.11,124.59,118.36,112.39,110.01,116.8,130.26,148.96,168,176.45,167.66,157.99,143.91,134.98,128.1,110.01,176.45,126.67,131.46,132.54,117.37,165.27,141.25,135.76,138.39,124.59,129.07,124.95,133.13,143.05,116.34,141.01,151.52,118.74"
14/02/2025,"139.94,136.04,131.05,,131.03,131.06,140.48,163.91,221.88,261.24,214.01,179.85,165.01,150.41,150.01,157.99,170.98,190.02,282,281.98,222.79,183.55,163.59,153,140.03,131.03,282,134.52,164.33,205.03,157.35,244.2,160.04,177.58,202.19,134.93,149.42,181.19,152.96,215.26,161.32,200.25,190.82,162.38"
13/02/2025,"152.11,146.98,148.61,,143.21,147.36,155.35,175,190.33,255.52,237.52,208.73,188.18,169.28,164.96,171.5,188.99,228.78,214.67,204.78,196.52,177.58,162.92,153.12,139.23,139.23,255.52,147.73,167.01,222.49,173.68,211.19,158.21,180.05,202.45,148.94,157.37,198.09,157.65,214.59,182.79,200.99,172.36,181.94"
12/02/2025,"129.34,127.88,126.82,,126.59,128.74,134.26,159.98,173.11,180,174.92,164.95,155.31,146.35,149.11,156.51,168.1,185.24,202.67,213.18,197.43,198.34,164.59,159.65,149.43,126.59,213.18,127.66,149.02,168.8,155.02,199.63,168,161.35,174.48,128.94,138.34,161.91,148.23,172,153.93,178.13,180.44,156.72"
11/02/2025,"111.58,107.02,112.04,,105.48,105.47,126.06,159.93,177.18,169.97,144.99,121.58,119.03,120,119.05,129.71,150.1,167.74,172.37,188.04,185.92,167.62,158.82,152.71,130.98,105.47,188.04,109.03,142.16,138.89,129.72,178.52,152.53,141.81,149.04,111.28,125.6,134.3,134.57,163.02,119.92,154.98,164.02,126.58"
10/02/2025,"120.33,115.82,113.09,,108.83,108.45,118.05,156.5,173.8,181.36,163.18,159.91,150.96,143.93,123.34,133.26,158.71,163.95,166.33,172.75,167.36,155.01,140.87,144.26,118.36,108.45,181.36,114.52,139.2,163.85,139.81,167.6,139.63,144.1,157.09,114.1,126.86,151.83,131.11,168.71,144.54,155.56,149.77,145.02"
09/02/2025,"135,140,119.36,,119.3,116.82,117,117,133.43,136.77,122.49,110.05,110.24,103.59,100.75,109.9,120.4,146.53,155.07,168.9,167,158.75,143.59,143,129.21,100.75,168.9,128.42,121.06,119.89,108.66,159.38,143.64,130.17,129.31,124.58,124.74,114.27,131.04,127.42,106.16,132.98,151.74,109.16"
08/02/2025,"89.93,88.25,86.94,,89.18,89.69,90.99,94.63,103.96,112.81,100.08,96.52,89.62,88.98,90.8,95.05,118,145.51,156.39,160.52,157.48,152,149,141.51,131.91,86.94,160.52,88.58,94.82,99.76,98.21,154.98,143.61,113.32,117.65,89.16,91.7,98.98,109,102.87,91.48,128.74,148.74,96.5"
07/02/2025,"126.05,112.7,108.82,,105,109,116.09,146.59,160.32,164.67,150.42,134.85,118.46,115.01,114.91,117.53,130.94,147.92,156.31,158.95,156.37,150.02,127.59,115.09,112,105,164.67,113.14,133,142.1,119.6,154.89,126.18,131.48,138.86,112.94,123.07,130.85,124.11,155.5,120.81,138.18,136.67,121.95"
06/02/2025,"133.67,130.04,126.02,,125.01,125.01,133.86,154.19,180.09,218.62,178.87,159.95,150.09,144.93,141.8,140,150,165.2,177.04,175.38,170.1,152.56,139.15,137.01,121.95,121.95,218.62,128.69,148.29,176.88,144.18,171.93,137.67,151.27,164.33,128.94,138.49,160.53,138.21,182.94,149.19,158.06,149.36,147.8"
05/02/2025,"117.27,112.09,111.18,,110.03,115.71,122.58,150.98,168.49,180.81,159.33,134.26,124.08,118.66,120.23,128.85,144.12,159.75,177.1,189.9,189.63,170,155.42,143.7,134.19,110.03,189.9,112.64,139.44,149.62,127.97,179.1,150.83,143.27,152.23,114.81,126.04,138.79,134.3,164.9,124.31,152.46,163.81,128.37"
04/02/2025,"132.4,125.54,123.18,,123.99,123.25,127.63,155,190.66,211.99,163.31,136.53,126.85,118.23,113.19,120.09,145.59,164.99,176.33,175,171.74,162.05,133.99,132.19,125.52,113.19,211.99,126.28,149.14,159.67,124.28,172.02,138.44,144.97,151.99,126,137.71,141.97,137.95,180.24,123.7,151.75,150.08,126.75"
03/02/2025,"129.54,126.63,124.72,,120.04,123.24,127.77,159.18,207.88,243.23,178.04,149.95,126.21,117.27,116.09,125.07,150.44,167.29,211.72,200.73,201.1,167.74,153,144.2,135.81,116.09,243.23,125.23,154.52,174.36,127.22,195.21,150.19,154.45,165.6,125.32,139.88,150.79,143.31,197.08,127.38,163.63,167.1,130.84"
02/02/2025,"133.26,126.91,122.99,,120.66,122.34,123.41,128.09,135.9,137.3,137.7,130.04,129.33,122.24,111.88,116.94,130.09,154.66,166.21,171.98,173.95,165.5,155.77,148.44,133.24,111.88,173.95,125.96,127.44,133.59,120.29,166.7,150.74,137.45,140.19,124.93,126.7,126.94,134.71,134.75,123.37,141.98,158.15,123.42"
01/02/2025,"138.25,130.41,125.01,,119.3,120.02,121.57,127.33,144.74,153.46,142.44,128.4,120.08,110.29,103.4,113.7,130.68,155.85,165.93,166.68,162.98,156.6,145.24,141.73,131.74,103.4,166.68,128.24,128.42,136.1,114.52,162.86,143.83,135.66,137.82,125.76,128.33,125.31,133.5,141.99,115.54,141.54,150.83,117.76"
31/01/2025,"120,117.52,114.09,,114.57,117.4,121.8,143.53,160.09,163.7,154.82,130.1,126.2,120.06,121.19,120.02,153.81,167.18,180,184.48,178.99,162.66,152.7,148.58,133.24,114.09,184.48,116.55,135.71,143.71,128.77,177.66,149.3,141.95,150.05,117.56,126.13,136.24,133.85,155.54,124.39,155.25,160.11,128.56"
30/01/2025,"103.96,103.08,100.06,,103.32,101.96,114.68,145.21,154.44,160.3,151.92,133.41,123.25,113.85,113.3,130,152.98,160.33,173.69,170.33,161.28,151.33,134.97,126.94,120.2,100.06,173.69,102.61,129.07,142.22,127.53,166.41,133.36,133.53,145.39,104.51,115.84,134.88,121.68,152.97,120.95,154.25,144.18,127.8"
29/01/2025,"98.43,90.78,84.93,,92.1,92.03,111.57,142.91,149.29,146.71,138.08,112.48,94.63,86.49,86.79,99,131.61,146.28,156.17,155.36,152.01,141.35,129.31,120.09,101.8,84.93,156.17,91.56,123.95,122.98,100.97,152.46,123.14,119.18,125.47,94.97,107.76,111.97,112.88,144.25,95.1,133.27,133.32,101.83"
28/01/2025,"93.37,82.01,94.9,,91.35,83.49,119.34,140,154.71,144.32,126.02,130.54,125.34,122.22,126.77,131.23,126.12,143.03,150.83,149.78,140.06,141.56,110.35,117.43,104.05,82.01,154.71,90.41,124.39,131.56,126.59,145.93,118.35,122.87,134.69,94.08,107.4,129.07,111.05,141.26,126.22,137.8,127.21,127.04"
27/01/2025,"57.77,53.22,71.06,,27.43,39.91,79.07,114.61,142.93,148.78,147.29,120.08,115.17,77.99,126.87,147.29,156.5,150.04,153.08,149.55,146.21,133.29,114.58,109.74,104,27.43,156.5,52.37,94.13,132.83,127.16,149.72,115.4,111.94,136.57,54.74,73.25,130,87.3,138.4,110.03,151.73,126.23,123.98"
26/01/2025,"131.59,120.24,118.03,,111.65,112.17,114.19,116.36,123.73,132.34,129.94,112.26,104.41,97.66,95.74,114.83,120.47,135.62,143.49,132.9,148.31,145,138,120.06,98.07,95.74,148.31,120.38,116.61,119.74,107.18,140.08,125.28,121.54,122.33,117.98,118.5,113.46,120.76,125.59,102.52,128.6,130.39,107.56"
25/01/2025,"118.05,109.93,98,,89.4,94.24,107,118.05,141.7,120.1,118.02,104.48,89.69,91.01,89.26,102.92,117.95,145.38,152.96,155.47,152.84,144.99,141.87,137.08,125.1,89.26,155.47,103.85,115.25,108.07,100.29,151.66,137.26,119.4,120.01,102.77,109.55,104.18,118.78,124.47,93.61,129.8,142.89,99.22"
24/01/2025,"110.05,115.09,120,,120,125.01,131.65,145.06,153.93,161.14,153.9,147.72,142.92,127.94,125.09,133.29,142.91,142.98,150.1,144.92,140.47,131.22,120,120,115.09,110.05,161.14,116.29,138.91,151.42,132.31,144.62,121.58,134.19,142.78,120.3,127.6,141.86,125.59,153.51,135.92,142.32,128.62,136.65"
23/01/2025,"118.81,113.89,113.5,,112.72,115.28,126.84,145,166.62,166.86,165.1,157.94,157.09,151.91,144.94,151.9,158,162.54,165.1,155.11,151.53,148.94,126.39,125.07,123.04,112.72,166.86,114.73,138.44,161.75,151.69,158.57,130.86,142.67,157.34,116.84,126.58,156.72,128.01,160.9,152.97,159.39,138.35,153.63"
22/01/2025,"131.31,125.97,125.08,,126,128.1,134.83,171.92,237.68,238.6,199.41,179.06,172.94,165,170,179.92,195.61,213.78,226.61,193.11,179.53,157,144.9,139.91,124.15,124.15,238.6,127.09,168.13,197.5,177.63,203.26,141.49,169.18,192.8,128.55,147.61,187.57,145.57,211.9,171.75,203.98,156.43,177.09"
21/01/2025,"133.79,128.61,122.05,,119.54,122.39,136.02,160.38,229.21,297.28,233.84,213.59,178.9,168.89,159.15,172.71,232.88,213.71,297.38,250.37,202.09,174.29,154.93,140,129.13,119.54,297.38,126,162,230.9,183.41,240.89,149.59,182.13,218.4,127.07,144,207.16,145.86,230.18,180.13,229.17,175.14,187.69"
20/01/2025,"122.47,119.81,116.61,,114.41,115.45,129.94,160.41,268.45,421.89,291.39,236.29,191.91,178.76,171.39,191.79,275.49,381.61,561.75,473.28,295.57,220,170,158.78,142.42,114.41,561.75,118.33,168.56,285.37,204.36,428.05,172.8,229.58,305.93,119.78,143.44,244.86,153.23,285.54,194.59,352.66,243.34,207.61"
19/01/2025,"129.91,125,123.7,,121.24,120.18,120,121.69,124.08,123.67,126.3,126.41,124.03,112.25,107.51,116.81,127.3,145.83,156.72,163.36,161.46,155.77,147,134.67,124.07,107.51,163.36,124.96,121.49,125.1,115.97,156.84,140.38,130.79,132.64,123.34,123.23,120.54,128.94,123.94,117.55,136.67,147.72,119.05"
18/01/2025,"126.23,121.23,121.42,,118.9,117.02,119.83,121.05,136.17,146,144.1,133.97,121.79,118.87,115.01,119.55,136.57,155.55,165.97,167.57,167.85,156.12,143.42,136.4,129.36,115.01,167.85,121.95,123.52,136.47,122.5,164.24,141.33,135,141.07,120.77,122.73,129.48,128.93,136.83,122.41,144.41,150.12,124.29"
17/01/2025,"128.1,124.03,120.93,,119.1,119.04,125.54,140.8,175.01,208.13,175.34,158,140.73,126.44,124.03,133.58,151.98,167.94,178.28,179.92,174.22,157.91,145,139.97,128.11,119.04,208.13,123.04,140.1,170.55,134.01,175.09,142.75,147.59,159.88,122.79,131.57,152.28,135.3,174.82,137.3,157.95,154.19,139.13"
16/01/2025,"126.14,120.7,119.16,,117.55,119.75,127.47,146.84,186.46,201.93,175,151.9,140.64,134.85,138.7,145.1,167.36,177.64,190.42,184.32,179.97,159.6,146.14,139.91,128.1,117.55,201.93,120.89,145.13,167.37,146.5,183.09,143.44,151.07,165.65,121.8,133.01,156.94,136.49,177.56,141.52,170.13,156.34,146.43"
15/01/2025,"114.49,112.38,111.14,,108.81,112.85,121.94,141.16,193.67,306.83,309.12,297.91,296.1,287.16,284.01,278.42,292.16,312.18,355.28,311.09,261.79,180,149.94,139.81,123.9,108.81,355.28,111.71,142.41,302.49,285.44,310.09,148.41,216.76,299.34,113.6,127.06,293.96,134.17,237.7,291.3,309.51,194.42,289.29"
14/01/2025,"109.69,106.62,102.3,,100.96,104.04,109.24,137.62,160.41,184.96,151.98,137.85,129.18,124.54,122.33,132.3,147.3,162.32,184.8,188.31,179.97,157.99,137.73,136.2,124.78,100.96,188.31,104.89,127.83,150.99,131.62,178.85,139.18,138.89,153.82,105.48,116.36,141.31,123.97,158.74,128.48,156.68,154.16,132.25"
13/01/2025,"112.39,105.07,104.46,,100.37,100,110.19,139.99,177.25,217.72,171.92,140.71,121.1,114.62,119.01,123.89,141.91,147.96,151.69,152.52,145.66,134.19,123.82,118.83,107.19,100,217.72,105.57,131.86,162.86,124.86,149.46,121.01,132.6,145.73,105.41,118.72,143.86,119.48,176.72,123.86,141.36,130.37,126.87"
12/01/2025,"95.08,89.02,88.69,,85.27,85,85.11,87.91,101.75,116.4,120.07,117.77,105.61,102.99,99.61,105.34,120.07,134.73,142.77,146.66,144.13,135.77,127.79,121.54,114.9,85,146.66,89.52,89.94,114.96,107,142.07,125,111.42,121.35,88.03,89.73,110.98,101.49,106.53,106.5,125.73,131.8,108.57"
11/01/2025,"109.68,100.02,98.07,,98.02,96.05,98.07,98.02,105,112.07,108.22,105.08,99.86,96.86,93.15,98.08,105.04,115.1,123.63,126.82,120.1,117.26,109.97,107.12,105.05,93.15,126.82,101.45,99.29,106.31,98.28,121.41,109.85,106.1,108.67,99.99,100.37,102.3,103.53,105.83,98.74,110.46,114.39,99.68"
10/01/2025,"87.15,80.39,76.62,,74.98,71.11,91.9,109.08,133.53,137.95,137.99,123.57,113.59,107.43,105.01,110.01,128.69,136.2,142.94,144.41,141.45,134.87,122.51,119.89,113.33,71.11,144.41,79.79,101.41,128.28,112.79,141.25,122.65,114.36,127.44,80.36,90.6,120.53,101.28,129.64,112.4,129.46,129.41,114.72"
09/01/2025,"106.55,106.58,103.86,,102.61,107.12,110.07,122.06,142.11,155.15,147.98,140.1,132.75,123.17,117.76,120.49,132.99,140.1,133.12,136.7,133.78,125.25,110.03,102.23,89.81,89.81,155.15,104.9,120.34,144,123.6,135.93,106.83,122.6,134.51,106.13,112.62,133.8,110.69,141.83,128.45,131.68,116.3,127.88"
08/01/2025,"84.74,84.87,87.45,,80,103.04,104.99,120.1,138.95,141.02,123.48,109.4,102.33,104.96,119.02,127.93,145.9,156.91,154.4,149.65,150.27,136.45,125.4,119.05,113.02,80,156.91,84.27,116.77,119.06,124.45,152.81,123.48,120.14,132.11,90.85,100.52,121.76,108.17,130.89,108.93,146.29,132.31,118.26"
07/01/2025,"28.99,60.39,43.36,,12.21,75.67,79.95,119.02,132.13,122.62,132.95,123.87,135,135.12,133.91,144.21,155.61,144.98,135.61,135.56,139.01,125.21,111.66,104.04,98.72,12.21,155.61,36.24,101.69,128.61,142.21,138.79,109.91,109.58,136.54,50.1,68.97,135.41,82.61,126.68,131.98,145.1,119.03,137.95"
06/01/2025,"113.92,102.8,80.49,,76.15,76.88,104.07,120.04,125.22,115,103.06,98.25,84.75,85.87,111.71,119.08,125.33,134.4,119.02,119.1,120,115.08,93.51,99.91,81.22,76.15,134.4,93.34,106.55,100.27,110.5,123.13,97.43,105.2,111.3,92.39,99.95,105.38,99.11,115.83,95.15,124.46,104.8,104.17"
05/01/2025,"112.09,104.09,109.91,,109.96,118.07,121.43,125.57,132.45,127.21,128.51,127.88,141.38,132.97,137.7,144.56,155.01,151.9,144.94,134.31,132.64,118.07,118.02,105.31,89.46,89.46,155.01,109.01,124.38,131.25,142.56,140.95,107.72,125.98,138.25,112.59,116.7,136.9,113.7,128.44,134.98,149.1,116.3,139.92"
04/01/2025,"106.36,102.21,100.78,,98.7,99.8,105.06,112,120.86,128.39,130.75,130.34,128.29,130.03,129.85,136.4,139.22,144.94,152.93,147.91,142.68,132.16,125.75,121.05,110.69,98.7,152.93,102.01,109.43,129.44,133.88,147.12,122.41,124.05,136.81,102.15,105.72,131.66,111.29,123,129.63,143.37,130.04,132.36"
03/01/2025,"103.66,94.84,89.72,,87.54,85.43,91.47,110.01,127.4,131.6,132.5,121.45,111.12,108.25,106.79,110.28,129.8,129.76,134.16,136.06,134.96,133.2,120.06,118.37,113.41,85.43,136.06,93.94,103.58,124.17,113.78,133.74,121.26,115.08,123.89,92.11,98.76,118.97,106.26,125.38,111.9,126,126.01,114.62"
02/01/2025,"105.02,92.94,95.01,,58.94,72.46,93.79,99.04,119.62,130.22,133.58,129.04,123.74,122.97,116.77,125.25,130.11,142.83,154.1,153.42,142.13,130.6,125.3,118.02,110.06,58.94,154.1,87.98,96.23,129.15,123.78,148.12,121,117.71,133.68,86.36,92.1,126.46,101.73,120.62,123.13,138.07,129.92,124.65"
01/01/2025,"109,97.03,91.47,,72.87,77.42,95.01,95.08,101,101.03,109.03,101.08,95.04,89.62,78.55,101,101.01,104.84,105.04,101.04,101.07,101.05,88.51,101.05,90.99,72.87,109.03,92.59,92.13,101.55,92.55,103,95.4,96.2,99.03,90.47,92.36,97.05,93.37,101.54,91.07,102.97,97.29,94.38"