# 01/06/2025 10:33:18 AM: Prices - EPEX Spot Market Auction - germany_luxembourg - Currency: EUR,__parsed_extra
Delivery day,"Hour 1,Hour 2,Hour 3A,Hour 3B,Hour 4,Hour 5,Hour 6,Hour 7,Hour 8,Hour 9,Hour 10,Hour 11,Hour 12,Hour 13,Hour 14,Hour 15,Hour 16,Hour 17,Hour 18,Hour 19,Hour 20,Hour 21,Hour 22,Hour 23,Hour 24,Minimum,Maximum,Middle-Night,Early Morning,Late Morning,Early Afternoon,Rush Hour,Off-Peak 2,Baseload,Peakload,Night,Off-Peak 1,Business,Offpeak,Morning,High Noon,Afternoon,Evening,Sunpeak"
02/06/2025,"81.76,75.31,75,,77.75,83.05,91.93,108.15,117.9,102.36,85.6,57.47,33.21,20,12.78,11,19.75,55.84,82.8,94.95,109.32,195.91,245.37,141.66,110.04,11,245.37,77.46,100.26,69.66,15.88,85.73,173.25,87.04,57.09,80.8,88.86,42.77,116.99,103.5,30.87,42.35,149.54,25.7"
01/06/2025,"92.53,85.22,77.13,,74.09,72.66,66.11,35.84,13,2.4,-0.01,-0.6,-2.11,-5.48,-12.93,-20.41,-15.61,-6,-0.99,19.23,78.85,93.66,106.86,105.93,90.49,-20.41,106.86,82.24,46.9,-0.08,-13.61,22.77,99.24,39.58,3.03,77.96,64.57,-6.84,76.13,12.81,-5.28,-10.75,82.5,-9.52"
31/05/2025,"107,99.94,98.75,,99.07,99.91,98.29,94.79,84.61,55,1,-0.02,-1,-3.07,-13.17,-7.75,-3,-0.05,41.4,88.85,131.41,192.35,192.37,133.49,102.06,-13.17,192.37,101.19,94.4,13.75,-6.75,65.4,155.07,70.51,24.13,100.49,97.8,3.5,116.89,58.85,-4.32,7.65,140.09,-4.67"
30/05/2025,"45.42,25.67,32.99,,33.95,37.39,55.08,69.73,68.38,53.01,29.13,1.83,-0.02,-1.01,-3.1,-3,-1.34,-0.04,5.88,73.52,111.84,136.95,145.89,130.19,108.15,-3.1,145.89,34.51,57.65,20.99,-2.11,47.8,130.3,48.19,22.23,38.42,46.08,9.44,74.15,55.06,-0.58,0.38,117.76,-1.11"
29/05/2025,"99.13,94.8,92.06,,91.55,91.54,91.36,89.46,86.49,82.95,62.83,19.93,1.71,0.03,-1.68,-1.99,-1.98,-1.09,23.13,65.5,80.2,77.17,73.73,76.66,57.5,-1.99,99.13,94.39,89.71,41.86,-1.41,41.94,71.27,56.29,27.46,93.41,92.05,20.23,85.12,80.43,5,4.52,71.79,2.67"
28/05/2025,"76.43,69.01,67.39,,61.01,65.19,72.52,92.85,100.09,95,90,76.48,71.46,65.67,58.03,53.21,42.1,67.28,83.7,94.99,114.83,134.83,139.91,124.29,104.27,42.1,139.91,68.46,82.66,83.24,54.75,90.2,125.83,84.19,76.06,68.59,75.56,68.99,92.32,94.49,67.91,61.57,118.85,61.16"
27/05/2025,"88.51,73.92,62.02,,61.98,67.7,62.2,67.7,73.9,68.63,50.17,4.26,3.19,0.03,0.02,0.09,3.14,55.17,84.55,103,122.64,137.6,111.16,100.34,82.41,0.02,137.6,71.61,67.88,31.56,0.82,91.34,107.88,61.85,41.24,69.39,69.74,16.19,82.45,65.1,1.88,35.74,109.53,1.79"
26/05/2025,"88.13,79.12,73.21,,71.83,76.7,85.48,116.2,143.17,129.91,91.41,16.17,0.05,-0.42,-1.45,-1.18,-0.82,0,17.65,95.76,119.33,169.87,161.57,119.38,98.86,-1.45,169.87,78.07,105.39,59.39,-0.97,58.19,137.42,72.91,38.87,79.08,91.73,29.21,106.96,120.17,3.59,3.91,127.46,2.06"
25/05/2025,"23.82,22.9,14.39,,8.38,3.9,2.11,1.17,1.21,0.03,0,-0.61,-0.6,-0.25,-3.19,-5.05,-4.95,-1.37,0,11.72,92.95,100,107.41,102.23,92.92,-5.05,107.41,17.37,2.1,-0.3,-3.36,25.83,100.64,23.71,7.39,12.58,9.74,-1.83,40.04,0.6,-1.16,-2.84,84.54,-2.44"
24/05/2025,"98.99,94.76,88.74,,84.22,82.93,80.71,82.07,76.9,62.09,12.26,-0.01,-0.11,-0.15,-0.19,-0.39,-1.77,-0.39,48.67,85.34,109.08,111,107.92,92.06,79.67,-1.77,111,91.68,80.65,18.56,-0.63,60.68,97.66,58.1,26.2,88.39,86.17,8.97,90,58.33,-0.12,11.53,97.51,-0.44"
23/05/2025,"101.1,93.16,87.12,,86.56,93.08,106.82,128.49,132.8,114.67,85.9,70,54.05,13.44,0.62,0,0,25.33,71.91,97.6,114.36,130.47,139.29,126.93,108,0,139.29,91.99,115.3,81.16,3.52,77.3,126.17,82.57,53.99,94.64,103.64,42.34,111.15,115.47,34.53,24.31,119.44,23.02"
22/05/2025,"98.54,88.28,83.65,,81.5,83.34,90,107.67,106.01,98.16,54.54,1.66,0.01,-1.91,-12.77,-15.4,-10.9,-2.99,-0.01,50,106.84,115,127.25,117.48,103.23,-15.4,127.25,87.99,96.76,38.59,-10.25,38.46,115.74,61.22,22.27,87.55,92.37,14.17,100.16,91.6,-3.25,-7.33,103.3,-6.55"
21/05/2025,"107.93,102.33,97.9,,94.9,93.7,102.49,112.48,116.54,107.82,84.82,42.22,0.15,-0.1,-2.2,-1.53,-0.01,2.06,49.08,86.32,100.1,114.35,110.27,100.72,90,-2.2,116.54,100.77,106.3,58.75,-0.96,59.39,103.84,71.35,39.06,99.88,103.53,28.9,103.63,105.42,10.02,12.4,100.29,6.42"
20/05/2025,"114.95,106.03,102.5,,104.04,109.14,118.96,143.21,130.81,100,85.2,61.58,15.95,0.17,0.01,0.09,7.61,67.87,97.15,111.79,141.23,192.25,148.97,120,107.93,0.01,192.25,106.88,125.53,65.68,1.97,104.51,142.29,91.14,57.39,109.27,116.21,33.83,124.9,114.81,19.43,43.18,137.03,14.24"
19/05/2025,"110.48,102.62,96.1,,92.95,98.03,109.39,131.22,137.22,113.41,93.69,69.59,28.56,12.77,5,8,28.15,72.98,97.09,114.49,148.45,229.11,154.86,126.81,111.88,5,229.11,100.54,118.97,76.31,13.48,108.25,155.67,95.54,66.02,101.6,109.75,44.9,125.06,118.89,28.98,51.56,147.6,25.35"
18/05/2025,"106.73,101.49,98.57,,97.4,98.41,97.98,91.3,87.16,67.86,10.1,0,-0.2,-2,-7.37,-15,-8.97,-0.2,9.67,91.38,108.4,125.17,130.47,118.41,103.62,-15,130.47,101.05,93.71,19.44,-8.34,52.31,119.42,62.93,21.14,100.1,97.38,5.55,104.73,64.11,-2.39,-3.63,112.91,-5.59"
17/05/2025,"93,93.48,88.93,,88.9,89.89,93.46,91.56,89.85,59.11,0.86,-0.06,-4.49,-4.96,-10.02,-11.27,-5.8,-0.8,5.01,78.77,99.64,121.38,130.21,129.9,111.6,-11.27,130.21,91.08,91.19,13.86,-8.01,45.66,123.27,59.51,17.17,91.28,91.13,2.92,101.85,60.35,-4.88,-3.22,111.92,-6.1"
16/05/2025,"94.5,88.47,84.91,,85,88.76,98.26,113.18,117.6,106.66,78.99,11.11,-0.01,-3.15,-1.97,-1.55,-0.01,2.98,69.79,100.05,111.81,154.91,143.23,116.08,102.08,-3.15,154.91,88.22,104.45,49.19,-1.67,71.16,129.08,73.4,39.56,89.98,96.34,23.76,107.25,104.11,1.5,17.8,121.36,0.74"
15/05/2025,"98.06,89.88,87.8,,87.63,90.28,98.94,119.9,119.91,102.06,75.65,4.58,-0.08,-4.97,-14.76,-14.25,-6.62,-0.6,3.83,76.11,108.97,130.74,125.13,110.49,101,-14.76,130.74,90.84,107.26,45.55,-10.15,47.08,116.84,66.24,27.49,92.1,99.05,17.7,104.98,104.38,-3.81,-4.41,108.74,-6.02"
14/05/2025,"102.78,97.3,95.41,,96.96,98.56,103.94,128.58,122.51,99.56,70.92,0.2,-1.67,-18.16,-29.91,-31.82,-12.79,-1.33,30.94,91.6,114,158.45,132.59,109.08,99.86,-31.82,158.45,98.11,113.4,42.25,-23.17,58.8,125,69.07,25.96,99.16,105.76,9.54,112.17,105.39,-12.39,-3.75,117.6,-15.69"
13/05/2025,"89.87,88.55,89.2,,93.94,96.71,104,136.77,128.33,100.42,79.36,16.09,-0.75,-6,-16,-6.55,-3.83,0.55,74,105.23,151.07,223.58,148.96,111.97,102.63,-16,223.58,90.39,116.45,48.78,-8.1,82.71,146.79,79.5,41.13,93.71,103.42,20.34,117.88,111.22,-1.67,16.04,140.57,-2.84"
12/05/2025,"86,81.28,80.95,,81.48,84.65,97.71,137.05,141.15,108.49,69.74,0.49,-3.91,-25,-35,-29.9,-8.59,-0.01,72.58,107.12,141.41,172.7,117.25,100.11,92.97,-35,172.7,82.43,115.14,43.7,-24.62,80.28,120.76,69.61,33.12,85.35,98.78,9.54,106.11,114.11,-15.86,8.52,121.93,-16.99"
11/05/2025,"97.8,95.1,94.51,,95.42,95.39,95.45,87.61,65.76,4.96,-0.1,-12.02,-51.95,-212.82,-250.32,-230.98,-110.06,-18.52,-0.08,85.96,117.11,124.86,109.55,98.45,84.68,-250.32,124.86,95.71,86.05,-14.78,-201.05,46.12,104.39,19.41,-56.57,95.61,90.88,-107.91,95.38,39.56,-131.78,-89.91,103.44,-144.69"
10/05/2025,"105.22,102.91,98.78,,96.28,100.9,100.47,97.73,93.91,73.72,9.02,-0.07,-22.88,-58.48,-114.53,-110.51,-49.52,-5.94,23.99,95.27,124.04,163.2,129.49,107.72,94.49,-114.53,163.2,100.8,98.25,14.95,-83.26,59.34,123.73,52.3,-2.99,100.76,99.53,-34.16,107.59,68.6,-48.99,-35.5,119.04,-59.33"
09/05/2025,"102.27,96.55,93.76,,95.09,100.28,112.4,141,136.03,100.61,82,51.6,0.1,-0.74,-0.04,-0.01,0.09,52.66,79.06,98.9,120,149.13,130.35,107.32,98.32,-0.74,149.13,96.92,122.43,58.58,-0.18,87.66,121.28,81.11,48.69,100.06,109.67,29.2,113.54,114.91,12.73,32.95,117.34,8.5"
08/05/2025,"95.86,91.66,91.51,,93.18,96.09,109.25,124.27,138.73,124.11,101.13,87.81,75.34,64.25,63.75,70.05,78.77,85.3,91.63,109.09,134.96,185.08,143.18,114.77,106.48,63.75,185.08,93.05,117.09,97.1,69.21,105.25,137.38,103.18,90.52,96.26,105.07,83.15,115.84,122.06,72.79,81.44,132.26,73.33"
07/05/2025,"92.67,87.05,85.63,,88.6,95.16,108.57,131.68,143.95,125,96.43,82.41,73.3,64.43,63.92,68.04,75,81.8,95.85,108.49,128.93,147.15,125.18,108.49,96.59,63.92,147.15,88.49,119.84,94.29,67.85,103.77,119.35,98.93,88.63,92.95,104.16,81.07,109.23,124.27,71.02,80.17,119.14,71.18"
06/05/2025,"87.22,81.68,81.29,,79.96,82.39,97.08,114.57,121.86,108.37,83.08,72.27,59.89,42.81,38.17,45.44,65,73.73,89.99,106.89,134.09,161.18,136.6,118.28,101.27,38.17,161.18,82.54,103.98,80.9,47.86,101.18,129.33,90.96,76.64,84.94,93.26,64.38,105.28,106.97,53.29,68.54,126.39,53.93"
05/05/2025,"75.18,70.51,72.25,,75.15,74.98,89.49,110.92,122.57,106.69,90.82,80,61.65,53.83,49.66,59.3,70.42,78.88,89.22,100.1,128.92,128,113.17,101.52,94.46,49.66,128.92,73.27,99.49,84.79,58.3,99.28,109.29,87.4,80.79,76.26,86.38,71.55,94.02,107.75,61.29,74.46,111.03,62.48"
04/05/2025,"60.3,44.9,31.47,,20.39,20.02,15.58,13.62,7.83,2.93,0,-0.01,-0.01,-0.02,-2,-5.01,-1.59,-0.01,10.07,80.08,95.95,109,112.38,101.79,87.35,-5.01,112.38,39.27,14.26,0.73,-2.16,46.52,102.63,33.54,15.03,32.11,26.76,-0.71,52.05,6.1,-0.51,0.87,97.76,-1.44"
03/05/2025,"97.81,93.34,92.2,,92,91.23,91.84,92.86,87.73,79.9,13.53,0.01,-0.01,-1.16,-3.04,-2.69,-0.03,0,28.87,68.11,77.54,90.27,87.02,78.63,65.91,-3.04,97.81,93.84,90.92,23.36,-1.73,43.63,80.46,55.08,21.75,93.07,92.38,10.81,88.4,68.51,-1.05,6.54,77.91,-1.15"
02/05/2025,"89.92,77.12,66.9,,63.91,66,74.01,86.83,88.55,84.9,55,0.85,-0.01,-0.8,-3,-4,-0.08,0.3,67.5,99.9,118.39,150.4,121.24,106.72,96.44,-4,150.4,74.46,78.85,35.19,-1.97,71.52,118.7,62.79,34.91,72.98,76.66,16.61,90.67,78.82,-0.74,15.93,115.52,-1.17"
01/05/2025,"97.51,91.78,90.46,,90.63,90.5,84.16,83.94,78.04,62.1,0,-3,-40.1,-85.01,-129.99,-118.11,-49.99,-5.17,40.77,96.14,129.87,164.38,122.45,100.73,87.1,-129.99,164.38,92.6,84.16,4.75,-95.78,65.4,118.67,44.97,-8.54,90.84,88.38,-45.51,98.47,56.02,-64.53,-33.13,116.78,-71.03"
30/04/2025,"95,90,87.59,,88.25,91.4,95.83,115.27,120.3,99.9,76.7,7.08,0,-1,-6.21,-3,-0.02,19.91,78.39,101.8,130.37,176.43,128,108.33,98.68,-6.21,176.43,90.21,105.7,45.92,-2.56,82.62,127.86,74.96,41.99,91.35,97.96,21.68,107.92,103.04,-0.03,23.82,123.94,-0.53"
29/04/2025,"90.64,86.86,81.76,,79.17,80.03,90.57,107,113.13,99.98,78,9.31,0,-0.76,-1.9,-1.67,-0.01,14.82,77.6,102,139.83,174.75,129.11,108.83,97.82,-1.9,174.75,84.61,97.68,46.82,-1.09,83.56,127.63,73.2,43.1,84.84,91.15,22.87,103.31,99.53,1.66,22.69,125.39,0.83"
28/04/2025,"92.24,86.49,83.1,,85.41,91.19,99.49,140,131.09,96.85,67.37,10.03,-0.01,-4.02,-5.9,-6.18,-1.54,2.01,71.83,101.92,149.9,194.81,128.83,106.24,96.83,-6.18,194.81,86.81,115.44,43.56,-4.41,81.42,131.68,75.75,40.19,89.65,101.13,19.58,111.31,108.83,0.03,16.53,129.76,-1.27"
27/04/2025,"67.71,62.91,57.96,,59.12,61.94,69.05,69.14,63.72,34.95,0.04,-3,-33.88,-101.04,-129.81,-116.61,-50,-5.17,18.35,91.98,110.83,124.23,109.24,99,93.77,-129.81,124.23,61.93,65.96,-0.47,-99.37,54,106.56,31.43,-15.28,63.12,63.94,-49.92,78.15,41.96,-66.93,-38.36,104.84,-72.39"
26/04/2025,"100,92.19,91.02,,89.66,89.01,90.86,93.01,86.33,72.19,34.45,2.55,-0.01,-7.63,-14.85,-10.77,-2.19,-0.02,30.99,79,99.81,107.4,96.85,85.26,72.31,-14.85,107.4,93.22,89.8,27.3,-8.86,52.45,90.46,57.39,23.63,92.12,91.51,9.22,91.16,71.5,-4.99,4.5,90.11,-5.48"
25/04/2025,"91.03,82.92,82.23,,83.4,84.95,94.64,104.41,113.39,111,99.41,88.17,75.45,66.61,48.03,40.99,59.47,73.04,84.19,99.43,115.99,123.78,109.63,100.37,92.09,40.99,123.78,84.9,99.35,93.51,53.78,93.16,106.47,88.53,80.15,86.53,92.12,73.64,96.9,107.05,69.57,64.42,106.88,63.12"
24/04/2025,"94.17,88.3,86.7,,85.65,84.35,90.93,110.34,118.51,117.65,108.91,96.67,93.55,81.56,78.95,78.04,78.72,83.37,95.36,101.02,114.64,121.61,114.48,106.53,93.1,78.04,121.61,88.71,101.03,104.2,79.32,98.6,108.93,96.8,94.04,88.35,94.87,91.76,99.56,113.85,87.68,83.87,108.56,84.58"
23/04/2025,"106.72,99.4,96.84,,96.7,101.2,108.23,137.09,152,128.84,100,92,94.39,81.04,80.29,88,92.35,99.05,108.28,128.9,155.97,148.67,126.11,108.2,97.15,80.29,155.97,99.92,124.63,103.81,85.42,123.05,120.03,109.48,104.09,101.52,112.27,94.61,114.86,129.48,86.93,96.92,127.5,88.01"
22/04/2025,"96.21,88.8,87.4,,85.01,84.58,97.39,120.76,151.54,147,111.88,95.2,89.97,79.92,67.66,71.47,78.45,83.07,100.04,122.38,192.32,263.2,157.28,122.28,109.6,67.66,263.2,89.36,113.57,111.01,74.38,124.45,163.09,112.64,103.28,89.9,101.46,92.69,122,132.8,83.19,83.26,161.18,80.45"
21/04/2025,"108.58,97.59,96.47,,96.84,97.98,98.54,97.07,91.31,88.5,87.99,65.24,33.88,17.19,8.91,8.43,10.01,50.05,88.77,101.95,121.95,139.14,132.1,122.77,106.54,8.43,139.14,99.87,96.23,68.9,11.14,90.68,125.14,81.99,56.91,99.33,98.05,40.02,107.08,91.22,31.31,39.32,120.74,23.94"
20/04/2025,"100.41,94.9,98.98,,97.41,98.83,108.64,109.38,94.32,68.6,18.63,0,-5.72,-34.99,-52.42,-40.05,-4.76,0,72.42,106.81,119.94,144.95,137.56,121.82,110.68,-52.42,144.95,97.93,102.79,20.38,-33.06,74.79,128.75,65.26,20.71,99.86,100.36,-6.34,109.82,72.73,-23.28,6.9,123.63,-22.99"
19/04/2025,"89.32,80.01,84.45,,82.39,84.98,90.62,95.2,91.67,83.89,76.43,29.99,4.54,0,-3.01,-7.26,-0.86,0.2,64.01,102.77,126.84,142.71,127.36,109.55,98.27,-7.26,142.71,84.04,90.62,48.71,-2.78,73.46,119.47,68.92,39.8,85.3,87.33,22.97,98.04,86.8,7.88,14.02,117.92,3.9"
18/04/2025,"91,81.3,79.12,,77.94,76.34,76.35,79.39,87.98,91.25,90.14,88.3,83.28,75.03,63.75,62.64,65.36,76.61,88.64,103.5,123.12,126.52,116.52,106.35,99.12,62.64,126.52,82.34,80.02,88.24,66.7,97.97,112.13,87.9,84.3,80.34,81.18,77.47,91.49,87.19,77.59,73.31,112.52,73.06"
17/04/2025,"88.99,83.99,81.67,,80.07,81.28,87.43,108.02,122.8,130,121,110,95.03,80.84,81.04,77.75,77.65,83.87,97.63,112.65,129,122.79,114.76,98.9,96.52,77.65,130,83.68,99.88,114.01,79.32,105.79,108.24,98.49,99.71,83.91,91.78,96.66,97.27,120.46,91.73,84.23,112.44,87.05"
16/04/2025,"88.01,82.04,82.2,,81.4,82.99,99.4,121,135.14,109.94,94.82,79.75,64.08,35.3,22.4,24.94,55,68,93.16,118,146.52,136.48,121,109.69,98.59,22.4,146.52,83.41,109.63,87.15,34.41,106.42,116.44,89.58,75.99,86.01,96.52,60.78,103.16,115.23,50.38,60.28,121.71,46.91"
15/04/2025,"72.93,73.2,67.38,,64.29,66.3,70.42,83.03,96.99,98.56,65,48.93,2.92,0.08,0,0.1,29.27,68.08,86.57,105.28,133.58,141.54,110.58,102.21,93.76,0,141.54,69.45,79.19,53.85,7.36,98.38,112.02,70.04,53.2,69.09,74.32,30.61,86.89,85.9,12.98,46.01,114.49,13.55"
14/04/2025,"87.56,82.69,82.11,,82.29,84.52,97.1,124.34,152.03,143.7,104.7,91.02,77.07,62.35,61.64,64.36,75.29,84.6,97.02,119.35,180,140.61,102.83,82.59,76,61.64,180,83.66,114.5,104.12,65.91,120.24,100.51,98.16,96.76,86.05,99.08,85.02,99.56,131.19,73.02,80.32,116.9,71.96"
13/04/2025,"63.99,56,42.36,,29.5,32.06,34.48,29.41,27.75,12.87,8.43,0,-0.02,-3.02,-18.84,-25.38,-9.93,-0.01,17.56,98.63,120.65,118.01,108.06,103.35,94.98,-25.38,120.65,47.96,30.93,5.32,-14.29,59.21,106.1,39.2,16.75,43.07,39.44,-4.49,61.66,19.62,-5.47,-4.44,107.28,-9.53"
12/04/2025,"107.84,104.41,100.93,,98.15,98.99,99.08,104.42,99.74,95.49,67.26,20.19,0,-9.23,-40.04,-42.01,-18.68,-0.08,59.47,111.31,150.06,120.89,91,86.27,64.27,-42.01,150.06,102.83,100.56,45.74,-27.49,80.19,90.61,65.41,32.81,101.57,101.7,9.12,98,91.73,-7.27,-0.33,103.97,-14.96"
11/04/2025,"65.32,60.75,58.44,,58.43,61.93,71.99,94.2,111.4,85.9,58.89,11.31,0,-3,-4.99,-3.61,-0.1,0,70.15,110.69,133.4,155,130.46,119.1,105.49,-4.99,155,60.74,84.88,39.03,-2.93,78.56,127.51,64.63,38.22,62.81,72.81,18.05,91.04,87.6,0.83,16.61,125.69,-0.07"
10/04/2025,"92.9,89.55,88.9,,87.92,90,97.54,132.44,170.59,135.44,102.4,85.71,66.34,34.95,2.18,0.08,1.18,54.44,70,101.68,140.42,137.17,97.56,92.05,81.11,0.08,170.59,89.82,122.64,97.47,9.6,91.64,101.97,85.52,66.24,91.14,106.23,53.54,104.81,135.22,47.3,31.43,108.33,31.74"
09/04/2025,"104.99,95.99,94.67,,94.45,95.79,109.45,152.68,175.56,131.56,99.51,82.71,59.69,13.61,6.72,13.27,34.87,62.98,83.5,103.48,131.57,138.73,111.23,101.94,98.51,6.72,175.56,97.53,133.37,93.37,17.12,95.38,112.6,91.56,68.62,99.22,115.45,55.24,114.5,139.83,40.68,48.66,114.24,35.15"
08/04/2025,"94.93,87.83,89.06,,89.9,91.62,105.73,142.97,180.55,136.77,91.3,76.47,61.09,19.57,16.83,28.59,57.47,73.33,90.34,118.26,180.4,171.31,140,120.47,105.12,16.83,180.55,90.43,130.22,91.41,30.62,115.58,134.23,98.75,79.2,93.18,110.32,61.01,118.29,137.9,43.49,62.43,139.26,43.34"
07/04/2025,"86.71,85,81.73,,83.53,85.45,98.74,131.1,175.97,144.61,107.1,83.37,65,11.8,2.19,3.94,60.98,72,102.43,127.6,168.45,165.05,138.2,121.02,105.21,2.19,175.97,84.24,122.82,100.02,19.73,117.62,132.37,96.13,79.12,86.86,103.53,59.87,113.14,139.7,40.59,59.84,137.59,37.88"
06/04/2025,"70.45,61,62.72,,68.28,69.95,77.43,76.54,78.11,41.79,0.1,-2,-27.56,-60.01,-106.31,-114.57,-70,-18.95,1.76,112.41,131.56,132.9,121.38,111.84,100.03,-114.57,132.9,65.61,75.51,3.08,-87.72,56.7,116.54,38.29,-9.32,68.31,70.56,-42.32,85.89,49.14,-48.97,-50.44,118.35,-63.41"
05/04/2025,"109.23,102.76,99.39,,99.4,98.31,97.5,102.98,105.9,98.3,57.16,0.66,-0.94,-24.09,-47.73,-49.1,-29.91,-4.3,0,70,99.4,98.9,84.25,78.99,68.75,-49.1,109.23,102.7,101.17,38.8,-37.71,41.28,82.72,54.83,14.12,101.1,101.93,0.54,95.53,91.09,-18.03,-20.83,83.38,-25.19"
04/04/2025,"108.34,103.04,102.89,,103.61,105.95,112.55,152.67,180.17,139.4,95.68,65,7.82,0,-1.31,-1.21,-0.13,29.7,79.87,126.35,167.64,155.99,120.67,106.15,96.97,-1.31,180.17,104.47,137.84,76.98,-0.66,100.89,119.95,89.91,59.07,106.06,121.15,38.16,120.75,141.98,17.88,27.06,128.96,11.7"
03/04/2025,"67,67,67,,68.95,71,86.22,129.71,162.77,133.3,79.11,40.47,-0.16,-1.19,-8.4,-5.85,-0.27,16.09,75,138,163.48,155.88,137.03,113.21,104.63,-8.4,163.48,67.49,112.43,63.18,-3.93,98.14,127.69,77.5,52.47,71.2,89.96,29.63,102.53,126.22,7.68,21.24,135.37,4.1"
02/04/2025,"68.06,66.93,66.8,,67.97,68.9,82.18,113.84,150.31,124.7,84.74,48.38,0,-4.92,-20.06,-21.02,-10,-1.73,15.37,88.84,125.35,114,96.07,82.63,71.43,-21.02,150.31,67.44,103.81,64.46,-14,56.96,91.03,61.62,35.8,70.14,85.62,25.23,87.43,118.4,5.85,-4.35,96.39,-1.27"
01/04/2025,"101.56,95.02,92.91,,93.5,91.43,100.71,129.46,179.96,159.37,108.47,86.17,70.26,53.15,11.57,10.89,26.7,65.23,82.8,122.39,155.72,138,110.9,95.64,79.45,10.89,179.96,95.75,125.39,106.07,25.58,106.54,106,94.22,79.39,95.86,110.57,65.82,109.05,144.32,55.29,46.41,117.02,43.12"
31/03/2025,"65.57,63.25,64.41,,67.22,68.97,88,109.27,143.54,174.23,133.17,110.27,99.04,83.54,74.1,73.58,69.55,76.24,100.83,131.57,183.96,172.73,135.03,115.25,102.34,63.25,183.96,65.11,102.45,129.18,75.19,123.15,131.34,104.4,109.17,69.57,83.78,102.19,99.63,140.05,91.74,80.05,140.15,85.01"
30/03/2025,"46.31,15.89,,,5.1,1.2,0.09,0.03,0,-0.01,-0.04,-3.47,-11.34,-18.5,-25.76,-26.07,-12.96,-4.01,-0.01,14.41,60.83,58.86,50.01,61.71,56.44,-26.07,61.71,22.43,0.33,-3.72,-20.82,17.81,56.76,11.68,-2.24,13.72,9.8,-12.27,26.88,-0.01,-14.77,-10.76,50.38,-16.35"
29/03/2025,"113.62,103.91,96.54,,96.22,96.5,92.74,96.73,98.44,91.86,76.14,65.67,65.34,65.33,2.06,3.94,25.27,66.26,100.1,146.91,152.22,121.07,100.42,82.75,68.27,2.06,152.22,102.57,96.1,74.75,24.15,116.37,93.13,84.51,71.76,99.92,99.34,49.45,97.27,90.79,49.6,48.89,111.94,37.94"
28/03/2025,"90,79.38,79.02,,79.38,79.84,103.51,128.52,122.2,102.08,75.57,25.77,1.68,-0.01,-0.03,14.48,70.1,104.19,132,165.99,165.9,148.03,124.56,117.94,110.12,-0.03,165.99,81.95,108.52,51.28,21.14,142.02,125.16,88.34,71.48,85.19,95.23,36.21,105.21,107.09,6.85,80.19,138.76,18.67"
27/03/2025,"104.93,98.98,97.8,,98.85,97.07,104.9,129.83,140,123.5,89.92,77.61,45.48,24.81,6.67,30.34,74.93,93.74,127.25,157.9,170.7,141.61,124.42,113.1,100.91,6.67,170.7,100.14,117.95,84.13,34.19,137.4,120.01,98.97,85.24,100.42,109.05,59.16,112.7,120.81,38.64,81.57,134.77,43.31"
26/03/2025,"101.02,97.96,97.36,,97.39,95.72,98.85,128.76,141.95,137.09,111.86,100,96.39,94.81,84.5,90.79,94.36,101.45,135.16,162,169.54,153.27,129.4,120.27,108.91,84.5,169.54,98.43,116.32,111.34,91.12,142.04,127.96,114.53,114.83,98.05,107.38,101.23,114.24,129.92,93.93,105.44,140.57,93.48"
25/03/2025,"102.07,101.76,100.2,,102.67,101.96,107.39,136.05,142.13,133.36,106.41,92.03,78.8,68.45,69.23,81.7,95.52,108.84,138.81,161.14,166.36,148.6,122.36,114.83,102.05,68.45,166.36,101.68,121.88,102.65,78.73,143.79,121.96,111.78,108.39,102.68,111.78,90.69,115.17,129.49,77.13,106.22,135.89,80.96"
24/03/2025,"110.45,107.29,101.91,,98.94,101.99,119.82,141.5,164.28,161.86,135.38,111.16,107.36,100.75,100.87,106.57,115.85,130.95,154.15,211.99,193,161.84,138.55,125.58,115.16,98.94,211.99,104.65,131.9,128.94,106.01,172.52,135.28,129.88,135.82,106.73,118.27,117.48,123.94,150.76,105.04,126.88,157.69,107.09"
23/03/2025,"13.69,19.01,23.65,,23.49,24.82,25.01,24.84,24.26,18.99,23.09,13.78,9.6,13.49,5.01,11.46,42.5,84.42,124.23,140,142.51,140.58,130,126.47,114.24,5.01,142.51,19.96,24.73,16.37,18.12,122.79,127.82,54.96,52.42,21.61,22.35,17.24,57.51,22.8,10.47,65.65,132.3,15.97"
22/03/2025,"26.93,12.57,9.07,,6.88,10.12,12.95,13.01,13.04,3.11,0,-1.86,-6.31,-15.18,-15.04,-6.79,-1.51,1.01,34.99,60.03,50.95,42.15,36.12,37.14,35.69,-15.18,60.03,13.86,12.28,-1.27,-9.63,36.75,37.78,14.96,8.62,13.09,13.07,-5.45,21.31,7.29,-9.6,6.93,43.68,-7.78"
21/03/2025,"125.07,116.41,112.74,,105.81,109.1,127.49,156,148.27,110.73,73.31,43.25,7.35,0.81,0,2.49,12.36,46.22,100.24,120.65,83.5,70,47.19,27.13,18.45,0,156,115.01,135.22,58.66,3.92,87.65,40.69,73.52,50.08,116.1,125.11,31.29,96.97,122.08,12.85,40.33,61.15,11.04"
20/03/2025,"117.17,102.86,99.56,,100.08,102.83,119.7,144.84,141.21,99.87,79.45,37.51,3.42,0.43,0.65,16.6,79.42,120.76,155.14,280.07,253.85,164,136.82,125.03,117.91,0.43,280.07,104.92,127.15,55.06,24.28,202.46,135.94,108.3,93.93,107.03,116.03,39.67,122.67,116.34,10.5,92.98,179.61,23.01"
19/03/2025,"107.29,102.4,101.19,,102,106.59,122.52,158.05,147.74,108.23,79.5,26.52,-0.04,-0.56,-0.25,0.99,66.73,109.85,147.56,248.18,220.3,176.68,138.24,124.45,111.14,-0.56,248.18,103.22,133.73,53.55,16.73,181.47,137.63,104.39,83.92,107,118.47,35.14,124.86,123.38,6.42,81.28,169.83,15.57"
18/03/2025,"92.2,89.99,92.37,,89.2,95.25,110.74,138.9,136.68,106.52,71.53,25.27,0.68,-1.46,-0.3,5.72,50.28,95.94,140.9,170.91,167.46,142.39,123.04,115.97,103.29,-1.46,170.91,90.94,120.39,51,13.56,143.8,121.17,90.14,69.45,94.96,105.67,32.28,110.84,113.41,6.05,73.21,137.18,13.37"
17/03/2025,"78.1,79.01,78.79,,80.91,85.85,103.3,135.18,152.87,135.24,100.73,68.21,50.56,31.17,27.95,50.14,70.01,98.55,143.05,177.33,170,141.5,118.85,107.86,93.5,27.95,177.33,79.2,119.3,88.69,44.82,147.23,115.43,99.11,93.58,84.33,99.25,66.75,104.64,131.01,44.47,90.44,134.84,49.67"
16/03/2025,"90.01,85.79,79.62,,78.18,78.6,80.51,85.14,82.07,77.95,56.9,24.09,2.9,1.01,0.19,2.53,31,71.11,116.81,130.84,140,125.28,107.73,100.8,79.71,0.19,140,83.4,81.58,40.46,8.68,114.69,103.38,72.03,54.61,82.12,82.49,24.57,89.45,75.52,7.05,55.36,114.06,10.29"
15/03/2025,"112.15,103.14,96,,89.9,86.9,90.55,97.01,99.42,98.77,86.4,72.39,67.16,57.32,48,54.51,70.8,84.24,121.91,130.3,132.96,121.46,108.5,105.02,95.25,48,132.96,100.3,93.47,81.18,57.66,117.35,107.56,92.92,85.4,96.44,96.88,69.42,100.44,95.4,61.22,82.87,115.58,61.7"
14/03/2025,"109.09,106,105.9,,103.83,105.3,113.99,143.02,155.11,155,132.09,112,106.35,104.5,104.59,105.38,109.39,124.84,146.44,155.33,150.91,130.01,111.39,114,105.17,103.83,155.33,106.21,129.36,126.36,105.97,144.38,115.14,121.23,125.57,107.35,117.78,116.16,116.9,146.31,106.86,121.51,127.8,107.04"
13/03/2025,"108.52,102.25,98.98,,96.71,98.35,105.88,132.99,159.87,158.03,148.13,123.77,110.7,110.01,108.22,107.54,109.99,121.47,142.65,166.05,173.47,149,135.69,123.48,111.63,96.71,173.47,101.62,124.27,135.16,108.94,150.91,129.95,125.14,131.67,101.78,112.94,122.05,118.61,149.76,113.18,120.41,143.22,111.71"
12/03/2025,"101.73,100.09,97.79,,97.38,101.8,110.31,144.54,161.64,148.41,125,102.62,99.69,98.07,99.91,101.65,117.74,142.1,157.03,199.75,179.49,148.05,132.2,120,109.91,97.38,199.75,99.25,129.57,118.93,104.34,169.59,127.54,124.87,130.96,101.52,114.41,111.64,118.79,144.9,100.07,129.63,148.23,103.28"
11/03/2025,"104.39,101.8,99.73,,100.5,102.53,110.86,148.04,152.98,146.49,128.53,102,97.48,96.44,98.38,102.35,112.84,132.86,171.95,205.02,180.95,149.43,133,121.25,107.34,96.44,205.02,101.61,128.6,118.63,102.5,172.7,127.76,125.3,131.27,103.3,115.1,110.56,119.32,144.01,98.58,130,149.5,101.58"
10/03/2025,"96.83,94.92,96.7,,96.87,94.65,106.37,148.49,159.75,133.96,98.88,84.38,77.88,76.02,77.32,83.91,97.47,127.47,147.97,174.92,160.24,142.14,126.59,106.88,97.97,76.02,174.92,96.33,127.32,98.78,83.68,152.65,118.4,112.86,111.7,97.72,111.82,91.23,114.01,135.27,78.9,114.21,134.79,82.83"
09/03/2025,"95.19,94.81,94.44,,96.51,98.67,101.51,100,93.01,65.4,29.27,10.1,0.03,-2.26,-2.04,0.09,17.39,90.56,125.74,135.37,136.7,130.2,122.7,112.8,106.83,-2.26,136.7,95.24,98.3,26.2,3.3,122.09,118.13,77.21,50.53,96.86,96.77,14.75,103.89,71.92,1.46,58.45,124.1,3.89"
08/03/2025,"124.97,113.94,117.22,,116.76,118.42,121.3,127.82,120.59,98.04,72.54,18.05,2.07,-0.34,-0.1,0.07,56.2,100.86,145.58,174.05,140.03,111.21,100,99.24,97.94,-0.34,174.05,118.22,122.03,47.68,13.96,140.13,102.1,90.69,67.25,118.77,120.13,30.82,114.12,104.75,4.92,75.68,120.41,12.66"
07/03/2025,"90.27,90.27,91.38,,91.69,99,115.17,135.67,147.7,122.23,83,65.3,31.81,12.79,8.08,37.06,90.15,126.99,149.91,216.64,178.68,148.7,132.4,119.11,111.83,8.08,216.64,90.9,124.39,75.59,37.02,168.06,128.01,103.99,93.55,96.3,107.64,56.3,114.43,122.15,29.5,101.03,151.23,40.87"
06/03/2025,"83.9,84.84,87,,88.12,94.56,95.91,139.28,151.32,108.5,78.7,50.47,4.02,0.08,0.02,13.16,71,116.52,148.95,165.36,149.1,125.64,106.63,101.47,91.11,0.02,165.36,85.97,120.27,60.42,21.07,144.98,106.21,89.82,75.49,89.06,103.12,40.74,104.15,119.45,13.65,87.41,123.22,23.13"
05/03/2025,"90.05,83.07,83.01,,79.71,81.63,91.94,115.57,140.16,85.64,41.63,0.02,-0.07,-4.28,-3.7,0.05,48.5,89.89,133.13,146.23,145.89,123,108.12,109.12,96.98,-4.28,146.23,83.96,107.33,31.81,10.14,128.79,109.31,78.55,56.91,84.9,95.64,20.97,100.2,95.75,-2.01,67.89,121.56,6.75"
04/03/2025,"121,109.44,103.79,,104.82,100.28,111.51,141.86,169.61,141.95,110.98,80.02,48.58,20.53,14.34,52.31,81.29,111.15,148.61,180.92,163.67,134.13,114.38,114.41,106.81,14.34,180.92,109.76,130.82,95.38,42.12,151.09,117.43,107.77,96.2,108.47,120.29,68.75,119.34,141.1,40.87,98.34,135.72,49.51"
03/03/2025,"108.01,103.69,102.79,,99.7,103.37,116.7,137.51,163,147.52,106.74,72.39,6.4,0.33,0.01,61.4,84.1,106.36,148.79,183.95,175.93,150.49,128.21,124.93,122.46,0.01,183.95,103.55,130.15,83.26,36.46,153.76,131.52,106.45,91.16,105.71,116.85,59.86,121.74,138.69,19.78,100.16,147.66,37.44"
02/03/2025,"123.94,107.54,99.32,,93.01,94.23,93.98,95.89,102.6,103.11,89,68.3,49,27.5,3.13,2.84,50.73,80.43,126.55,143.09,146.1,132.98,120,120.79,112.78,2.84,146.1,105.95,96.68,77.35,21.05,124.04,121.64,91.12,74.15,102,101.31,49.2,108.09,97.65,36.98,65.14,129.29,33.58"
01/03/2025,"128.19,120.38,117.09,,112.15,109.75,114.38,118.86,135.79,138.79,137.74,125.08,112.11,102.21,97.27,99.39,109.23,125.41,145,158.55,150.78,137.29,128.6,123.57,119.92,97.27,158.55,119.45,119.7,128.43,102.03,144.94,127.35,123.65,125.13,116.99,119.57,115.23,122.16,132.8,109.17,119.76,136.45,107.55"
28/02/2025,"115.47,110.54,109.38,,106.93,112.03,112.63,135.99,150,161.82,145.5,127.7,115.97,109.51,108.57,111.58,125.57,135.05,152.85,161.24,158.86,143.96,132.94,127.43,119.03,106.93,161.82,110.58,127.66,137.75,113.81,152,130.84,128.77,134.52,111.16,119.12,125.78,123.03,148.33,115.44,131.26,140.58,116.48"
27/02/2025,"101.48,103.81,101.24,,99.6,100.43,105.87,115.18,152.32,159.05,142.58,129.94,110,101.1,109.25,110,123,142.62,158.69,174.71,163.17,144.61,136.54,124.69,114.89,99.6,174.71,101.53,118.45,135.39,110.84,159.8,130.18,126.03,135.34,102.07,109.99,123.12,116.72,142.28,112.57,133.58,143.1,113.88"
26/02/2025,"122.99,119.82,116.94,,115.98,116.56,117.27,132.65,159.93,175.19,160.22,141.37,129.95,120.53,119.89,125.12,132.9,149.75,165.01,172.57,162.82,147.38,118.44,120.94,112.46,112.46,175.19,118.93,131.6,151.68,124.61,162.54,124.81,135.7,146.28,118.26,125.27,138.15,125.11,157,127.94,143.2,139.1,128.29"
25/02/2025,"90.6,89.91,93.39,,93.86,97.43,105.78,144.87,167.16,173.34,153.73,140.36,126.75,124.63,125.81,134.38,148.34,170.68,207.97,233.05,188.09,156.96,142.47,129.46,115.13,89.91,233.05,91.94,128.81,148.55,133.29,199.95,136.01,139.76,160.59,95.16,110.38,140.92,118.92,159.78,129.39,165.34,160.86,133.38"
24/02/2025,"70.83,67.99,40.98,,37.1,65.34,70.03,81,84.8,106.68,93.26,79.04,83.44,81.63,83,86.4,92.55,100.7,112.94,137.81,148.71,129.27,112.29,112.9,106.48,37.1,148.71,54.23,75.29,90.61,85.9,125.04,115.24,91.05,100.51,58.71,64.76,88.25,81.58,91.44,81.78,98.15,124.58,84.34"
23/02/2025,"91.1,84.99,86.21,,83.63,85.77,87.33,87.7,108,112.24,99.35,83,81.5,71.12,69.2,64.75,69.11,84.7,150.45,154.69,117.02,96.03,77.32,73.81,65.99,64.75,154.69,86.48,92.2,94.02,68.55,126.72,78.29,91.04,96.43,86.51,89.34,81.28,85.66,101.82,76.21,92.25,97.48,73.11"
22/02/2025,"50.99,48.62,47.96,,42.62,41.2,49.15,49.11,61.22,68.25,67.74,53.21,47.13,40.4,52.69,68,85.6,100.95,108.38,106.98,115.18,103,101.58,94.27,83.51,40.4,115.18,47.55,50.17,59.08,61.67,107.87,95.59,70.32,76.21,46.76,48.86,60.38,64.44,61.58,48.36,90.73,100.75,57.84"
21/02/2025,"75.51,74.99,79.8,,83.4,82.4,82.03,106.47,152.5,145.21,120.98,98.68,83.4,78,76.41,79.52,82.94,103.47,103.45,101.98,81.95,80.25,70.85,70.64,64.33,64.33,152.5,78.43,105.85,112.07,79.22,97.71,71.52,90.8,96.33,79.69,92.14,95.64,85.26,131.29,84.12,92.35,78.33,83.16"
20/02/2025,"86.17,85.2,84.56,,83.64,82.18,83.84,86.31,110.41,127.98,105.87,93.72,87.23,86.87,84.51,84.78,90.05,98.34,110.13,112.38,122.45,105.91,92.41,90.84,83,82.18,127.98,84.89,90.69,103.7,86.55,110.83,93.04,94.95,100.36,84.27,87.79,95.13,89.54,107.64,88.08,95.83,101.17,87.86"
19/02/2025,"104.54,99.29,99.6,,97.29,94.5,97.48,115,149.5,166.37,128.76,107.91,89.28,81.52,82.74,85.2,90.63,110.03,131.28,142.98,144.42,120.9,113.75,107.13,99.81,81.52,166.37,100.18,114.12,123.08,85.02,132.18,110.4,110.83,113.43,98.78,107.15,104.05,108.23,139.91,90.36,104.29,121.5,89.55"
18/02/2025,"132.95,125,123.56,,117.11,115.66,121.93,143.61,190.34,193.8,143.53,124.24,109.71,96.41,88.53,98.35,110,128.16,177.61,174.32,155.91,142.42,129.41,121.9,114.45,88.53,193.8,124.66,142.89,142.82,98.32,159,127.05,132.45,133.38,122.7,133.77,120.57,131.53,167.82,104.72,128.53,139.74,104.54"
17/02/2025,"128.05,121.06,120.34,,125.52,128.94,131.54,153.16,204.74,209.79,171.3,139.67,117.19,109.47,106.78,111.89,132.27,158.96,222.92,271,215.36,177.86,155.19,139.39,129.57,106.78,271,123.74,154.6,159.49,115.1,217.06,150.5,153.42,163.88,125.91,139.17,137.3,142.95,184.75,118.28,156.51,181.4,119.55"
16/02/2025,"134.11,128.9,123.57,,119.9,119.57,120.18,119.92,127.51,129.6,130.49,127.7,124.03,124.67,118.77,121.02,129.55,137.68,153.98,169.98,160.29,153.72,139.34,137.62,131.51,118.77,169.98,126.62,121.8,127.96,123.5,155.48,140.55,132.65,135.65,124.37,124.21,125.73,129.65,126.88,123.79,135.56,148.74,124.29"
15/02/2025,"135.29,130.34,120,,118.24,118.45,120.37,133.74,148.58,150.67,137.01,124.59,118.36,112.39,110.01,116.15,128.83,145.89,164.54,174.7,164.76,149.65,128.31,132.37,124.54,110.01,174.7,125.97,130.29,132.66,116.85,162.47,133.72,133.66,137.33,123.78,128.13,124.75,129.99,142.5,116.34,138.85,145.72,118.39"
14/02/2025,"139.21,132.8,128.5,,127.65,129.58,139.59,162.89,227.08,265.64,215.11,181.03,163.01,149.86,148.61,155.8,175.06,200,298.91,293.06,225.7,183.55,163.79,153,140.03,127.65,298.91,132.04,164.79,206.2,157.33,254.42,160.09,179.14,205.98,132.89,148.41,181.77,152.31,217.68,160.63,207.44,193.19,162.23"
13/02/2025,"140.33,137.75,140.79,,136.59,140,142,159.99,190.33,222.36,220.05,203.89,184.68,174.52,170.1,166.7,170.1,182,213.05,207.17,196.52,177.03,162.92,153.12,138.97,136.59,222.36,138.87,158.08,207.75,170.36,199.69,158.01,172.12,192.6,139.58,148.47,189.05,151.65,198.18,183.3,182.96,172.62,178.33"
12/02/2025,"129.13,127.77,126.82,,126.59,128.74,131.24,151.13,163.64,180,174.92,162.05,144.01,137.28,142.03,149.4,159.67,173.21,184.59,197.13,192.57,173.9,155.78,150.38,141.81,126.59,197.13,127.58,143.69,165.25,147.1,186.88,155.47,154.32,166.41,128.38,135.63,156.17,142.24,167.42,146.34,166.72,168.6,149.07"
11/02/2025,"77.45,71.1,71.62,,74.89,77.45,87.44,100.46,134.93,155.53,141.42,96.65,92.78,97.68,111.11,123.46,143.69,144.47,159.97,168.19,167.45,162.63,148.75,142.95,128.24,71.1,168.19,73.77,100.07,121.6,118.99,160.02,145.64,120.01,133.53,76.66,86.92,120.29,106.49,133.09,99.56,142.9,153.04,110.9"
10/02/2025,"118.58,111.82,109.22,,106.29,105.85,112,145.38,162.02,181.36,163.18,135.9,115.28,109.36,109.74,123.07,128.54,133.58,133.82,142.11,114.85,94.37,91.48,88.87,87.38,87.38,181.36,111.48,131.31,148.93,117.68,131.09,90.53,121.84,132.57,110.63,121.4,133.3,111.11,162.99,117.57,129.75,103.18,120.32"
09/02/2025,"135,134.51,130.18,,119.3,116.79,117,117,133.43,136.77,123.97,114.79,105.65,98.71,95.53,109.9,120.4,141.96,148.58,161.93,156.13,150.65,142.92,143,127.97,95.53,161.93,129.75,121.06,120.3,106.14,152.15,141.14,128.42,126.19,125.46,125.4,113.22,130.65,127.79,103.67,130.21,147.1,107.5"
08/02/2025,"81.34,84.85,85.8,,87.08,89.69,90.99,90.8,95.31,111.11,92.68,79.42,68.75,67.71,79.85,89.85,118,140.87,150,160.49,161.1,156.42,149,144,136.31,67.71,161.1,84.77,91.7,87.99,88.85,153.12,146.43,108.81,109.99,86.63,88.23,88.42,107.63,97.48,73.93,124.68,151.22,83.93"
07/02/2025,"126.05,112.7,108.82,,105,104.81,105.07,112.39,141.66,164.21,150.36,133.88,115.14,111.49,106.77,109.59,111.68,126.61,142.85,149.05,144.32,126.93,100,98.72,100.14,98.72,164.21,113.14,115.98,140.9,109.88,140.71,106.45,121.18,130.5,110.41,114.56,125.39,111.86,142.16,116.82,122.68,119.86,114.76"
06/02/2025,"133.67,129.57,125.87,,125,125.01,135.28,156.12,180.09,219.42,178.99,160.14,152.56,147.89,145.48,137.79,150.8,164.89,171.59,170.48,162.95,141.33,131.26,134,121.95,121.95,219.42,128.53,149.13,177.78,145.49,167.48,132.14,150.09,163.58,129.07,138.83,161.63,136.6,183.66,151.52,156.27,143.66,149.11"
05/02/2025,"113.34,109.67,109.4,,108.18,115.17,122.42,139.81,165.32,180.81,159.33,132.19,119.96,115.46,118.8,128.85,144.12,160.58,177.19,189.9,189.63,170,155.42,143.7,133.21,108.18,189.9,110.15,135.68,148.07,126.81,179.33,150.58,141.77,151.4,113.03,122.91,137.44,132.14,161.32,121.6,152.69,163.64,126.56"
04/02/2025,"132.4,125.54,123.18,,123.99,123.25,127.63,155.42,192.24,211.99,163.31,136.53,126.57,116.89,113.17,120.09,127.47,164.81,168.99,175,162.04,145.01,132.43,129.42,120.62,113.17,211.99,126.28,149.64,159.6,119.41,167.71,131.87,142.42,148.91,126,137.96,139.5,135.93,180.74,123.29,145.34,144.09,123.45"
03/02/2025,"129.54,126.63,124.72,,120.04,123.24,127.77,159.18,207.88,243.23,178.04,149.95,126.05,117.27,115.29,124.18,145.86,170.71,216,200.73,201.1,167.74,153,144.23,135.81,115.29,243.23,125.23,154.52,174.32,125.65,197.14,150.2,154.51,165.7,125.32,139.88,149.98,143.32,197.08,127.14,164.19,167.1,129.77"
02/02/2025,"133.26,126.91,122.99,,120.66,122.34,123.41,128.09,135.9,137.3,137.7,130.04,129.33,122.24,111.88,116.42,127.97,151.21,164.03,172.49,173.95,165.5,155.77,148.44,133.24,111.88,173.95,125.96,127.44,133.59,119.63,165.42,150.74,137.13,139.55,124.93,126.7,126.61,134.71,134.75,123.37,139.91,158.23,122.98"
01/02/2025,"136.93,129.42,124.24,,119.12,118.86,120.54,127.1,144.74,153.46,142.44,128.4,120.08,110.29,103.4,113.7,129.49,154.43,168.27,167.51,162.98,156.6,145.24,141.73,131.74,103.4,168.27,127.43,127.81,136.1,114.22,163.3,143.83,135.45,137.87,124.85,127.62,125.16,133.02,141.94,115.54,141.47,150.97,117.56"
31/01/2025,"120,117.08,113.89,,113.12,115.98,120.74,131.87,157.97,163.7,154.82,130.1,126.2,120.06,121.19,119.76,149.87,168.26,185.26,184.48,178.99,162.66,152.7,144.31,131.41,113.12,185.26,116.02,131.64,143.71,127.72,179.25,147.77,141.02,150.22,116.8,123.83,135.71,131.81,152.09,124.39,155.79,159.09,127.86"
30/01/2025,"92.41,92.43,93.33,,92.95,92.43,108.65,139.83,152.64,160.3,151.51,135.09,123.25,115.89,113.3,129.41,153.22,160.87,180.36,176.58,161.28,150.2,134.17,126.46,120.2,92.41,180.36,92.78,123.39,142.54,127.96,169.77,132.76,131.53,146.76,95.37,108.08,135.25,116.31,151.07,121.88,155.97,144.82,128.36"
29/01/2025,"87.72,83.39,78.16,,75.64,79.01,86.98,93.14,141.42,142.54,130.45,105.05,89.25,85,85.53,87.67,102.75,132.66,149.57,150.09,146.3,131.95,119.65,111.99,99.33,75.64,150.09,81.23,100.14,116.82,90.24,144.66,115.73,108.14,117.24,81.82,90.68,103.53,99.03,126.89,91.21,118.16,126.55,92.54"
28/01/2025,"76.92,71.53,57.33,,69.28,76.92,77.59,98.22,125.45,147.5,135.3,120.53,116.34,114.75,117.39,121.33,139.91,147,149.6,134.94,128.9,94.76,87.26,79.8,64.43,57.33,149.6,68.77,94.55,129.92,123.35,140.11,81.56,106.37,131.12,71.6,81.66,126.63,81.62,126.62,117.25,139.46,98.35,121.71"
27/01/2025,"40.14,35.26,26.38,,14.07,10.1,21.52,34.1,56.99,71.76,62.96,45.57,40.11,35.66,38.37,53.95,86.79,102.46,118.56,118.67,100.05,94.07,85.08,82.26,69.28,10.1,118.67,28.96,30.68,55.1,53.69,109.94,82.67,60.17,72.91,24.58,29.82,54.4,47.44,56.45,39.93,90.44,91.57,50.08"
26/01/2025,"126.21,115.79,111.3,,106.85,105.43,107.86,110.6,117.62,124.17,121.97,105.51,102.57,96.73,90.02,92.52,111.63,125.92,132.77,118.94,90.32,78.93,68.26,49.25,23.89,23.89,132.77,115.04,110.38,113.56,97.73,116.99,55.08,101.46,109.42,112.24,112.71,105.64,93.5,118.59,98.71,115.71,71.6,99.83"
25/01/2025,"59.04,64.96,63.55,,67.17,76.77,76.89,79.32,76.89,88.99,87.31,86.32,88.15,82.55,81.98,89,111.07,132.97,145.85,151,147.53,137.6,134.61,132.26,122.03,59.04,151,63.68,77.47,87.69,91.15,144.34,131.63,99.33,107.73,68.06,70.57,89.42,90.92,83.13,84.75,119.72,137.51,89.85"
24/01/2025,"69.03,58.16,45.05,,40.6,50.17,73.2,85.44,109.16,116.23,96.34,88.9,78.44,76.48,74.69,74.51,74.51,75.25,83.02,88.59,91.78,84.99,80.79,91.97,86.29,40.6,116.23,53.21,79.49,94.98,75.05,84.66,86.01,78.9,84.9,56.04,66.35,85.01,72.9,101.79,79.63,76.82,87.4,77.92"
23/01/2025,"113.7,108.88,105.58,,100.01,97.59,100.01,106.41,136.6,159.03,155.42,130.94,116.1,94.93,88.56,85.86,89.8,89.87,106.75,112,101.87,86.36,74.28,75.68,58.23,58.23,159.03,107.04,110.15,140.37,89.79,102.62,73.64,103.94,110.93,104.3,108.6,115.08,96.94,139.37,107.63,93.07,84.74,101.03"
22/01/2025,"128,125.06,122.22,,121.66,123.16,128.32,156.92,208.25,238.6,199.41,179.06,172.94,165,170,179.92,195.67,199.04,208.99,180.43,167.08,134.49,127.78,128.09,114.68,114.68,238.6,124.24,154.16,197.5,177.65,188.89,126.26,161.45,188.01,124.74,139.2,187.58,134.89,200.8,171.75,195.91,142.09,177.1"
21/01/2025,"127.52,121.65,116.67,,113.86,113.54,122.34,142.2,190.06,248.32,211.68,198.05,161.5,147.44,142.83,150.05,173.43,212.13,301.15,251.93,202.68,174.84,155.19,138.6,125.29,113.54,301.15,119.93,142.04,204.89,153.44,241.97,148.48,168.46,200.1,119.26,130.98,179.16,136.81,198.07,162.46,209.19,174.76,162.22"
20/01/2025,"122.27,119.44,116.56,,114.41,115.45,127.54,161.71,276.48,431.99,291.7,236.29,187.48,176,171.39,191.85,277.17,402.12,583.4,473.28,295.57,220,170,152.51,137.98,114.41,583.4,118.17,170.3,286.87,204.1,438.59,170.12,231.36,309.85,119.28,144.23,245.48,152.86,290.47,192.79,363.64,241.56,206.7"
19/01/2025,"129.73,124.2,123.05,,121.24,120.18,120,121.57,123.33,123.6,125.16,125.19,121.56,112.25,107.51,116.81,126.29,140.15,149.67,159.04,156.6,149.06,139.26,130.99,122.94,107.51,159.04,124.56,121.27,123.88,115.72,151.37,135.56,128.72,130.32,123.07,122.91,119.8,127.13,123.42,116.63,133.23,142.98,118.27"
18/01/2025,"125.29,121.05,120.98,,118.85,116.46,119.77,119.75,133.39,145.63,144.1,131.21,121.56,118.87,115.01,119.32,133.32,149.71,164.59,167.57,167.85,156.12,143.42,136.4,129.36,115.01,167.85,121.54,122.34,135.63,121.63,162.43,141.33,134.15,139.9,120.4,121.94,128.63,128.4,135.72,121.66,141.74,150.12,123.22"
17/01/2025,"118.87,118.39,115.71,,114.72,115.48,122.16,140.8,175.01,208.13,175.34,158,140.73,126.44,124.03,132.99,151.98,170.21,178.79,179.92,174.22,157.91,145,139.97,126.84,114.72,208.13,116.92,138.36,170.55,133.86,175.79,142.43,146.32,160.07,117.56,127.64,152.21,132.57,174.82,137.3,158.49,153.98,139.03"
16/01/2025,"126.33,119.12,117.62,,115.03,115.75,123.27,138.7,173.04,199.65,175,151.9,140.64,131.13,130.58,138.42,163.04,179.2,191.56,184.32,179.97,159.6,141.6,135.29,123.75,115.03,199.65,119.53,137.69,166.8,140.79,183.76,140.06,148.1,163.78,119.52,128.61,153.8,132.43,171.6,138.56,168.06,154.09,142.62"
15/01/2025,"108.28,107.72,108.41,,108.04,108.75,114.92,134.49,191.79,307.24,315.02,311.03,304.8,311.02,309.34,285.83,301.74,333.52,377.99,324.74,270.09,181.66,150.87,141.16,123.9,107.72,377.99,108.11,137.49,309.52,301.98,326.59,149.4,222.18,312.7,109.35,122.8,305.75,131.67,237.14,309.05,324.77,198.74,303.96"
14/01/2025,"106.38,103.7,99.08,,97.99,101.88,107.64,123.4,156.62,184.03,151.86,117.62,109.31,103.11,108.11,115.35,125.35,141.97,165.86,170.07,158.38,135.46,117.69,121,121.76,97.99,184.03,101.79,122.39,140.71,112.98,159.07,123.98,126.82,137.59,102.78,112.09,126.84,116.05,153.98,109.54,137.13,137.39,113.14"
13/01/2025,"112.39,105.07,104.46,,100.37,100,110.11,140.28,181.92,223.09,174.09,141.69,115.73,104.1,103.04,104.67,138.2,142.62,149,149,139.73,123.18,120.22,115.57,102.31,100,223.09,105.57,133.08,163.65,112.5,145.09,115.32,129.2,140.41,105.4,119.33,138.08,117.99,179.85,116.14,133.62,125,117.91"
12/01/2025,"83.58,83.79,86.75,,84.2,85,83.75,85.9,101.75,114.67,120.07,117.77,105.61,102.99,99.61,104.74,118.7,132.92,141,146.66,143.66,134.86,127.49,121.2,114.9,83.58,146.66,84.58,89.1,114.53,106.51,141.06,124.61,110.07,120.7,84.51,86.84,110.52,99.43,105.6,106.5,124.34,131.46,108.24"
11/01/2025,"106.64,98.99,95.71,,89.45,88.35,88.4,88.13,94.68,107.65,103.14,101.13,99.56,96.74,93.15,94.9,104.89,112.12,119.8,122.34,114.85,111.19,104.8,103.07,105.69,88.13,122.34,97.7,89.89,102.87,97.42,117.28,106.19,101.89,105.86,94.59,93.79,100.15,97.93,98.4,97.65,107.93,110.32,98.4"
10/01/2025,"84.79,80.23,71.29,,69.05,69.89,83.9,99.09,123.92,139.47,136.92,123.57,113.59,107.43,105.01,110.01,128.69,134.87,142.56,144.12,141.05,134.82,122.51,119.77,111.71,69.05,144.12,76.34,94.2,128.39,112.79,140.65,122.2,112.43,127.27,76.53,85.27,120.59,97.58,124.85,112.4,129.03,129,114.72"
09/01/2025,"101.44,100,98.77,,95.22,98.28,102.65,133.54,148.8,164.88,156.15,147.64,140.21,128.18,121.15,123.95,127.53,123.75,130.91,134.75,125.44,119.23,104.99,101.1,88.19,88.19,164.88,98.86,120.82,152.22,125.2,128.71,103.38,121.53,135.38,99.39,109.84,138.71,107.68,150.84,134.3,126.54,112.28,131.44"
08/01/2025,"71.05,68.01,63.34,,57.01,66.29,72.07,82.7,100.73,128.22,108.18,94.65,100.01,89.99,97.2,110.19,127.8,135.82,155.46,149.23,146.48,136.86,127.86,115.92,103.59,57.01,155.46,64.85,80.45,107.77,106.3,146.75,121.06,104.53,120.27,66.3,72.65,107.03,88.79,104.96,95.46,132.32,129.99,103.31"
07/01/2025,"19.07,8.71,8.9,,5.01,5.13,5.8,48.86,76.83,85.08,84.24,75.25,62.8,62.44,63.9,72.56,78.11,79.98,96.03,101.11,86.21,78.01,72.45,72.45,50.04,5.01,101.11,10.42,34.16,76.84,69.25,90.83,68.24,58.29,78.98,8.77,22.29,73.05,37.61,73.75,66.1,81.67,76.71,69.18"
06/01/2025,"27.52,19.26,11.35,,9.2,10,14.81,23.82,31.72,41.37,36.36,34.69,32.83,31.28,28.6,25.61,26.32,26.87,31.66,31.58,28.74,26.59,13.82,26.94,12.99,9.2,41.37,16.83,20.09,36.31,27.95,29.71,20.09,25.16,31.33,15.36,18.46,32.13,19,33.32,31.85,27.62,23.44,29.89"
05/01/2025,"113.84,100.33,93.61,,93.87,89.38,83.55,83.92,82.53,84.05,89.15,82.95,88.82,81.66,78.39,68,50.64,49.91,66.3,65.05,51.28,36.85,36.8,34.68,28.14,28.14,113.84,100.41,84.85,86.24,69.67,58.14,34.12,72.24,71.35,95.76,92.63,77.96,73.13,84.91,82.96,58.71,42.13,75.08"
04/01/2025,"90.43,90.29,90.2,,91.52,95.95,102.11,110.66,119.96,128.39,130.75,130.34,128.29,130.03,129.85,136.4,138.72,142,151.24,143.85,137.96,129.49,122.83,118.29,109.49,90.2,151.24,90.61,107.17,129.44,133.75,143.76,120.03,120.79,135.65,93.42,98.89,131.6,105.94,122.44,129.63,142.09,126.99,132.27"
03/01/2025,"99.56,87.53,85.01,,83.79,77.5,79.88,83.56,78.43,82.57,80.76,77.64,70.48,69.94,77.8,78.81,85.29,105.51,116.66,115.06,114.91,113.3,107.8,98.22,88.57,69.94,116.66,88.97,79.84,77.86,77.96,113.04,101.97,89.94,89.62,85.55,84.41,77.91,90.26,81.33,73.97,96.57,106.31,76.66"
02/01/2025,"2.55,1.56,3.45,,7.02,12.75,30.07,67.13,98.83,121.53,127.23,126.35,119.97,115.95,113.9,122.21,130.11,138.59,152.87,152.94,139.15,130,119.78,113.42,82.47,1.56,152.94,3.65,52.2,123.77,120.54,145.89,111.42,92.91,130.07,9.57,27.92,122.16,55.75,103.68,119.04,135.95,122.96,121.42"
01/01/2025,"2.16,1.6,0,,-0.01,-0.01,-0.06,-0.09,-0.01,-0.01,-0.04,-0.03,-0.1,-0.05,-0.1,-1.01,-0.01,-0.01,0.07,1.01,1.48,1,0.07,10.05,7.01,-1.01,10.05,0.94,-0.04,-0.05,-0.29,0.64,4.53,0.95,0.1,0.61,0.45,-0.17,1.81,-0.04,-0.07,-0.24,3.44,-0.22"